word,meaning,level,frequency
a,art.一(个)；每一(个),CET4,
abandon,离弃，丢弃；遗弃，抛弃；放弃；放任； 纵情,CET4,
ability,能力， 本领； 才能， 才智,CET4,
able,a.有能力的；出色的,CET4,
aboard,在船上， 上船,CET4,
about,prep.关于；在…周围,CET4,
above,prep.在…上面；高于,CET4,
abroad,到国外； 在传播， 在流传,CET4,
absence,缺席， 不在； 缺席的时间， 外出期； 缺乏， 不存在,CET4,
absent,缺席的， 不在场的； 缺乏的， 不存在的； 心不在焉的,CET4,
absolute,十足的， 地道的； 绝对的， 完全的； 不受任何限制的,CET4,
absolutely,ad.完全地；绝对地,CET4,
absorb,吸收； 吸引…的注意， 使全神贯注； 把…并入， 同化,CET4,
abstract,抽象的，抽象派的；摘要， 梗概； 抽象派艺术作品；做…的摘要； 提取,CET4,
abundant,丰富的， 富裕的； 大量的， 充足的,CET4,
abuse,滥用； 虐待， 伤害； 辱骂， 毁谤；滥用； 虐待， 伤害； 辱骂， 毁谤,CET4,
academic,学院的； 学术的； 纯理论的， 不切实际的,CET4,
academy,研究会， 学会； 专门学校,CET4,
accelerate,使加快， 使增速,CET4,
acceleration,n.加速(度),CET4,
accent,口音， 腔调； 重音,CET4,
accept,vt.vi.接受；同意,CET4,
acceptable,a.可接受/合意的,CET4,
acceptance,接受； 承认； 容忍,CET4,
access,接近；通道，入口；接近的机会；存取,CET4,
accident,意外， 事故,CET4,
accidental,偶然的， 意外的,CET4,
accommodation,住处； 膳宿,CET4,
accompany,陪伴， 陪同， 伴随； 为…伴奏,CET4,
accomplish,达到； 完成,CET4,
accord,相符合； 相一致；一致，符合；谅解，协议；使符合；使一致；调节；授予，赠与，给予,CET4,
accordance,一致； 和谐,CET4,
according,相等的， 一致的， 依…而定的,CET4,
accordingly,因此， 所以； 照着,CET4,
account,说明原因； 占；记述；解释；账目,CET4,
accountancy,会计工作； 会计学,CET4,
accountant,会计人员， 会计师,CET4,
accumulate,积累， 堆积,CET4,
accuracy,准确， 精确,CET4,
accurate,准确的， 正确无误的,CET4,
accusation,谴责； 【律】 指控,CET4,
accuse,指责， 归咎于,CET4,
accustom,vt.使习惯,CET4,
accustomed,惯常的， 习惯的,CET4,
ache,疼痛；渴望；疼痛,CET4,
achieve,vt.完成，实现；达到,CET4,
achievement,完成； 成就， 成绩,CET4,
acid,酸的， 酸性的；酸,CET4,
acknowledge,承认， 承认…的权威； 告知收到， 确认； 对…表示感谢， 报偿,CET4,
acquaint,使认识， 使了解,CET4,
acquaintance,认识， 了解； 熟人,CET4,
acquire,取得， 获得， 学到,CET4,
acquisition,取得， 获得， 习得； 获得物， 增添的人,CET4,
acre,英亩,CET4,
across,prep.横过；在…对面,CET4,
act,vi.行动；见效 n.行为,CET4,
action,行动； 已做的事； 作用， 功能； 情节,CET4,
active,活跃的， 积极的； 主动的； 起作用的,CET4,
activity,活动； 活力； 行动,CET4,
actor,n.男演员；演剧的人,CET4,
actress,n.女演员,CET4,
actual,a.实际的；现行的,CET4,
actually,ad.实际上；竟然,CET4,
acute,严重的； 急性的； 灵敏的， 敏锐的； 精明的,CET4,
ad,n.广告,CET4,
adapt,使适应； 改编,CET4,
add,vt.添加，附加，掺加,CET4,
addition,加， 加法； 附加物,CET4,
additional,附加的， 追加的,CET4,
address,n.地址；演说；谈吐,CET4,
adequate,足够的； 可以胜任的,CET4,
adjective,n.形容词 a.形容词的,CET4,
adjust,调整， 调节， 校正,CET4,
administration,管理； 管理部门， 行政机关； 实行， 执行,CET4,
admire,钦佩， 羡慕； 赞赏， 称赞， 夸奖,CET4,
admission,允许进入； 承认； 入场费， 入场券,CET4,
admit,承认， 供认； 准许…进入,CET4,
adopt,收养； 采用， 采取； 正式通过， 批准,CET4,
adoptive,收养关系的； 采用的,CET4,
adult,成年的； 成年人的， 适宜于成年人的；成年人,CET4,
advance,vi.前进；提高 n.进展,CET4,
advanced,先进的； 高级的； 年迈的； 后阶段的,CET4,
advantage,优点， 优势， 好处,CET4,
adventure,奇遇； 冒险， 冒险活动,CET4,
adverb,n.副词,CET4,
advertise,为…做广告， 宣传； 公告； 登广告,CET4,
advertisement,广告， 公告， 登广告； 广告活动， 宣传,CET4,
advice,n.劝告；忠告；意见,CET4,
advisable,明智的， 可取的,CET4,
advise,vt.劝告；建议；通知,CET4,
advocate,拥护， 提倡， 主张；拥护者， 提倡者； 辩护者， 律师,CET4,
aeroplane,飞机,CET4,
affair,n.事情，事件；事务,CET4,
affect,影响； 感动,CET4,
affection,感情； 爱， 爱慕,CET4,
afford,担负得起； 提供,CET4,
afraid,a.害怕的；担心的,CET4,
africa,n.非洲,CET4,
african,a.非洲的 n.非洲人,CET4,
after,prep.在…以后；次于,CET4,
afternoon,n.下午，午后,CET4,
afterward,后来， 以后,CET4,
again,ad.又一次；而且,CET4,
against,prep.倚在；逆，对着,CET4,
age,n.年龄；时代 vt.变老,CET4,
agency,经办， 代理； 代理处； 专门行政部门,CET4,
agenda,议事日程,CET4,
agent,代理人， 代理商； 政府代表； 动因， 原因； 剂,CET4,
aggressive,侵略的， 好斗的； 敢做敢为的； 有进取心的,CET4,
ago,ad.以前,CET4,
agree,vi.同意；持相同意见,CET4,
agreement,n.协定，协议；同意,CET4,
agriculture,农业， 农学,CET4,
ahead,ad.在前；向前；提前,CET4,
aid,帮助； 救护； 助手； 辅助手段,CET4,
aim,vi.瞄准，针对；致力,CET4,
air,n.空气；空中；外观,CET4,
aircraft,飞机， 飞行器,CET4,
airline,航空公司； 航线,CET4,
airplane,飞机,CET4,
airport,机场， 航空港,CET4,
alarm,惊恐；忧虑；警报；使惊恐； 使担心,CET4,
alcohol,酒精， 乙醇,CET4,
alert,警觉的，留神的，注意的；使认识到，使意识到；警戒， 戒备； 警报,CET4,
alike,一样地， 相似地； 同样程度地；同样的，相同的,CET4,
alive,a.活着的；活跃的,CET4,
all,a.全部的 prep.全部,CET4,
alliance,结盟， 联盟,CET4,
allocate,分配， 分派， 把…拨给,CET4,
allow,允许， 准许； 同意给； 承认； 允许…进入,CET4,
allowance,津贴， 补贴； 零用钱,CET4,
ally,结盟， 联合；同盟国， 同盟者； 支持者,CET4,
almost,ad.几乎，差不多,CET4,
alone,a.单独的 ad.单独地,CET4,
along,prep.沿着 ad.向前,CET4,
alongside,在旁边，沿着边，并排地；在…旁边， 沿着…的边； 和…在一起,CET4,
aloud,ad.出声地，大声地,CET4,
alphabet,字母表， 字母系统,CET4,
already,ad.早已，已经,CET4,
also,ad.亦，也；而且，还,CET4,
alter,改变， 变更， 变动,CET4,
alternative,两者选一的， 供选择的； 另类的；替换物，选择；选择的自由,CET4,
although,conj.尽管，虽然,CET4,
altitude,海拔， 高度； 高处,CET4,
altogether,ad.完全；总而言之,CET4,
aluminium,铝,CET4,
always,ad.总是，一直；永远,CET4,
amateur,业余爱好的， 业余的； 外行的；业余爱好者；外行,CET4,
amaze,使惊奇， 使惊愕,CET4,
ambassador,大使， 使节， 派驻国际组织的代表,CET4,
ambition,雄心， 抱负； 野心； 期望得到的东西,CET4,
ambulance,救护车； 野战医院,CET4,
america,n.美洲；美国,CET4,
american,a.美洲的 n.美国人,CET4,
amid,在…中间， 在…之中， 被…围绕,CET4,
among,prep.在…之中,CET4,
amongst,在…之中,CET4,
amount,n.总数；数量；和,CET4,
ampere,n.安培,CET4,
amuse,逗…乐， 给…娱乐,CET4,
analyse,分析； 分解； 解析,CET4,
analysis,分析， 分析报告； 分解； 解析,CET4,
ancestor,祖宗， 祖先； 原型； 先驱,CET4,
anchor,抛锚， 停泊； 把…系住， 使固定； 担任主持人； 固定， 扎根；锚；给人安全感的物,CET4,
ancient,古代的， 古老的； 年老的， 看上去很老的,CET4,
and,conj.和，又，并，则,CET4,
angel,n.天使，神差，安琪儿,CET4,
anger,n.怒，愤怒 vt.使发怒,CET4,
angle,角， 角度； 观点， 立场,CET4,
angry,a.愤怒的，生气的,CET4,
animal,n.动物，兽 a.动物的,CET4,
ankle,踝， 踝关节,CET4,
anniversary,周年纪念日,CET4,
announce,vt.宣布，宣告，发表,CET4,
announcer,n.宣告者；播音员,CET4,
annoy,使恼怒； 打搅,CET4,
annual,每年的，一年一次的；年报， 年鉴； 一年生的植物,CET4,
anonymous,匿名的； 无名的； 无特色的,CET4,
another,a.再一个的；别的,CET4,
answer,vt.回答；响应；适应,CET4,
ant,n.蚂蚁,CET4,
anticipate,预料， 预期， 期望； 先于…行动； 提前使用,CET4,
antique,古时的， 过时的；古物，古董,CET4,
anxiety,焦虑， 忧虑； 渴望， 热望,CET4,
anxious,忧虑的， 令人焦急的； 渴望的,CET4,
any,a.什么，一些；任何的,CET4,
anybody,prep.任何人,CET4,
anyhow,无论如何， 不管怎么说； 随随便便地， 杂乱无章地,CET4,
anyone,pron.任何人,CET4,
anything,pron.任何事物；一切,CET4,
anyway,无论如何， 至少； 不论以何种方式， 无论从什么角度,CET4,
anywhere,ad.在什么地方,CET4,
apart,成距离，相间隔；分开，除去；分离的， 分隔的,CET4,
apartment,一套公寓房间,CET4,
apologize,道歉， 谢罪， 认错,CET4,
apology,道歉， 认错， 谢罪,CET4,
apparent,表面上的， 明显的,CET4,
appeal,呼吁，恳求；申诉，上诉；上诉；感染力， 吸引力； 呼吁， 上诉,CET4,
appear,vi.出现；来到；似乎,CET4,
appearance,出现， 来到； 外观,CET4,
appetite,食欲， 胃口； 欲望,CET4,
applause,鼓掌， 掌声,CET4,
apple,n.苹果，苹果树,CET4,
appliance,用具， 器具， 器械； 家电,CET4,
applicable,能应用的； 合适的， 适当的,CET4,
applicant,申请人,CET4,
application,申请， 申请书； 施用， 涂抹； 应用， 实施； 实用性,CET4,
apply,适用； 申请， 请求； 涂， 敷， 施；应用，实施；使用；涂敷；把…施于,CET4,
appoint,任命， 委任； 约定， 指定,CET4,
appointment,任命； 约定； 约会； 委任的职位,CET4,
appreciate,重视， 赏识； 领会， 体会； 感谢； 增值,CET4,
approach,向…靠近；靠近,CET4,
appropriate,适当的， 恰当的,CET4,
approval,赞成， 同意， 批准,CET4,
approve,赞成， 称许； 批准,CET4,
approximate,近似的；近似； 估计,CET4,
approximately,ad.近似地，大约,CET4,
april,n.四月,CET4,
arabian,a.阿拉伯的,CET4,
arbitrary,随心所欲的， 专断的,CET4,
architect,建筑师， 设计师； 缔造者,CET4,
architecture,建筑学； 建筑式样， 建筑风格,CET4,
area,n.面积；地区；领域,CET4,
argue,争辩， 争论；争论，争辩，辩论；主张；说服,CET4,
argument,争论， 辩论； 理由； 说理， 论证,CET4,
arise,出现； 由…引起； 起身， 起床,CET4,
arithmetic,算术， 四则运算,CET4,
arm,n.臂；臂状物；武器,CET4,
army,n.军队；陆军,CET4,
around,prep.在…周围,CET4,
arouse,引起； 唤起， 唤醒,CET4,
arrange,安排， 准备， 整理,CET4,
arrangement,整理， 排列， 安排； 准备工作,CET4,
arrest,逮捕，拘留；停止，阻止；吸引；逮捕， 拘留， 扣留,CET4,
arrival,到达， 到来； 到达者， 到达物,CET4,
arrive,vi.到达；来临；达到,CET4,
arrow,箭， 箭状物； 箭头符号,CET4,
art,n.艺术，美术；技术,CET4,
article,n.文章；条款；物品,CET4,
artificial,人工的， 人为的； 矫揉造作的； 模拟的,CET4,
artist,n.艺术家，美术家,CET4,
artistic,艺术的， 艺术家的； 富有艺术性的， 精美的； 精彩的,CET4,
as,conj.当…的时候,CET4,
ash,灰， 灰末； 骨灰,CET4,
ashamed,惭愧的， 羞耻的， 害臊的,CET4,
asia,n.亚洲,CET4,
asian,a.亚洲的 n.亚洲人,CET4,
aside,在旁边， 到旁边,CET4,
ask,vt.问；要求；邀请,CET4,
asleep,a.睡着的，睡熟的,CET4,
aspect,方面； 朝向， 方向； 样子， 外表,CET4,
assemble,集合， 召集； 装配,CET4,
assembly,立法机构； 议会； 集合； 集会的人们； 装配， 组装,CET4,
assess,对估价； 评价， 评论,CET4,
asset,资产， 财产； 有价值的特性或技能， 优点,CET4,
assign,指派， 分配， 布置； 指定,CET4,
assignment,任务， 指定的作业； 分配， 指派,CET4,
assist,援助， 帮助， 协助,CET4,
assistance,协助， 援助,CET4,
assistant,助理的， 辅助的；助手，助理，助教,CET4,
associate,结合； 交往；副的；把…联系在一起；使联合；伙伴，同事,CET4,
association,协会， 团体； 联合， 交往,CET4,
assume,假定， 假设， 臆断； 承担， 担任； 呈现,CET4,
assumption,假定， 臆断； 担任， 承担,CET4,
assure,使确信； 确保， 向…保证,CET4,
astonish,使惊讶， 使吃惊,CET4,
astronaut,n.宇宙航行员，宇航员,CET4,
astrophysics,天体物理学,CET4,
at,prep.在…里；在…时,CET4,
athlete,运动员， 体育家,CET4,
atlantic,a.大西洋的 n.大西洋,CET4,
atmosphere,大气， 空气； 气氛， 环境,CET4,
atmospheric,a.大气的;大气层的,CET4,
atom,n.原子；微粒；微量,CET4,
atomic,原子的， 原子能的， 原子武器的,CET4,
attach,缚， 系， 贴； 附加； 使依恋， 使喜爱； 使附属； 认为有,CET4,
attack,攻击，打击；突然发作；攻击， 进攻,CET4,
attain,达到， 获得， 完成,CET4,
attempt,尝试， 试图， 努力,CET4,
attend,vt.出席；照顾，护理,CET4,
attention,n.注意，留心；注意力,CET4,
attentive,a.注意的；有礼貌的,CET4,
attitude,态度， 看法； 姿势,CET4,
attorney,律师， 代理人,CET4,
attract,吸引， 引起…注意,CET4,
attraction,吸引， 吸引力； 引力； 具有吸引力的事物,CET4,
attractive,有吸引力的， 引起注意的,CET4,
attribute,把…归因于；属性,CET4,
audience,听众， 观众， 读者,CET4,
audio,听觉的， 声音的,CET4,
august,n.八月,CET4,
aunt,n.伯母，婶母，姑母,CET4,
aural,a.耳的，听觉的,CET4,
australia,n.澳大利亚,CET4,
australian,a.澳大利亚的,CET4,
author,著作家， 作者,CET4,
authority,官方； 权力； 当权者， 行政管理机构； 权威， 专家,CET4,
auto,汽车,CET4,
automatic,自动的，机械的；不假思索的，无意识的；必然的，自然的；自动手枪； 有自动装置的汽车,CET4,
automation,n.自动，自动化,CET4,
automobile,汽车， 机动车,CET4,
autumn,n.秋，秋季,CET4,
auxiliary,辅助的， 附属的； 后备的,CET4,
available,现成可使用的， 通用的； 可取的； 联系的； 可得到的,CET4,
avenue,林荫道， 道路， 大街,CET4,
average,平均的；平常的；平均；平均数，平均,CET4,
avoid,避免， 躲开； 撤销,CET4,
await,等候； 期待； 将降临到…身上,CET4,
awake,a.醒着的 vt.唤醒,CET4,
award,奖，奖品；判定；授予， 给予； 判给， 裁定,CET4,
aware,知道的， 意识到的,CET4,
away,ad.离开，远离；…去,CET4,
awful,令人不愉快的， 难过的； 非常的， 极大的,CET4,
awfully,ad.令人畏惧的；很,CET4,
awkward,笨拙的， 尴尬的； 难操纵的， 使用不便的； 不灵巧的,CET4,
ax,斧子,CET4,
baby,n.婴儿；孩子气的人,CET4,
back,ad.在后；回原处；回,CET4,
background,出身背景， 经历； 背景资料； 背景， 底子,CET4,
backward,[-]倒； 向后， 往回；向后的，倒的；落后的，进步慢的,CET4,
bacon,咸肉,CET4,
bacteria,细菌,CET4,
bad,a.坏的，恶的；严重的,CET4,
badly,ad.坏，差；严重地,CET4,
badminton,n.羽毛球,CET4,
bag,n.袋，包，钱包，背包,CET4,
baggage,行李,CET4,
bake,烤， 烘， 焙,CET4,
balance,使平衡；称；权衡，比较；天平； 平衡； 结存， 结欠,CET4,
balcony,阳台； 楼厅， 楼座,CET4,
ball,n.球，球状物；舞会,CET4,
balloon,气球， 玩具气球,CET4,
ban,取缔，查禁；禁止；禁止， 禁令,CET4,
banana,n.香蕉；芭蕉属植物,CET4,
band,乐队；群，伙；带；条纹；波段；用带绑扎,CET4,
bang,猛击， 猛撞； 发出砰的一声， 砰砰地响；巨响，枪声；猛击；猛击，猛撞；砰地敲,CET4,
bank,n.银行；库；岩，堤,CET4,
bankrupt,破产的,CET4,
banner,横幅； 旗， 旗帜,CET4,
bar,n.酒吧间；条，杆；栅,CET4,
barber,理发师,CET4,
bare,赤裸的；光秃的，无遮盖的；刚刚够的，勉强的；露出， 显露,CET4,
barely,仅仅， 只不过， 几乎不,CET4,
bargain,讨价还价；特价商品；协议，交易,CET4,
bark,吠，叫；吠声， 叫声； 树皮,CET4,
barn,谷仓； 牲口棚,CET4,
barrel,桶； 圆筒； 枪管,CET4,
barrier,栅栏； 检票口； 屏障； 障碍， 隔阂,CET4,
base,n.基础，底层；基地,CET4,
baseball,棒球,CET4,
basic,a.基本的，基础的,CET4,
basically,基本上， 从根本上说,CET4,
basin,n.盆，洗脸盆；盆地,CET4,
basis,基础， 根据； 原则,CET4,
basket,n.篮，篓，筐,CET4,
basketball,n.篮球；篮球运动,CET4,
bat,蝙蝠； 球棒， 球拍,CET4,
bath,n.浴，洗澡；浴缸,CET4,
bathe,洗澡； 游泳,CET4,
bathroom,n.浴室；盥洗室,CET4,
battery,电池， 蓄电池； 排炮， 炮组； 一系列， 一套,CET4,
battle,n.战役；斗争 vi.作战,CET4,
bay,湾； 分隔间,CET4,
be,aux.v.&vi.是，在，做,CET4,
beach,n.海滩，湖滩，河滩,CET4,
beam,梁，横梁；束，柱；笑容，喜色；面露喜色； 定向发出， 播送,CET4,
bean,豆， 蚕豆,CET4,
bear,n.熊；粗鲁的人；vt.容忍；负担；生育,CET4,
beard,胡须， 络腮胡子,CET4,
bearing,举止， 风度； 方位， 方向感； 影响,CET4,
beast,兽， 野兽， 牲畜； 凶残的人， 令人厌憎的人,CET4,
beat,vt.&vi.打，敲；打败,CET4,
beautiful,a.美的，美丽的,CET4,
beauty,n.美，美丽；美人,CET4,
because,conj.由于，因为,CET4,
become,vi.变成；成为，变得,CET4,
bed,n.床，床位；圃；河床,CET4,
bee,n.蜂，密蜂；忙碌的人,CET4,
beef,n.牛肉；菜牛,CET4,
beer,n.啤酒,CET4,
before,prep.在…以前；向…,CET4,
beg,vt.&vi.乞求；请求,CET4,
beggar,乞丐；使贫穷,CET4,
begin,vi.开始 vt.开始,CET4,
beginner,n.初学者，生手,CET4,
beginning,n.开始，开端；起源,CET4,
behalf,利益,CET4,
behave,表现， 举止； 运转， 作出反应,CET4,
behavior,行为， 举止， 表现,CET4,
behind,prep.在…后面,CET4,
being,存在； 生物， 生命,CET4,
belief,信任， 相信； 信念,CET4,
believe,vt.相信；认为,CET4,
bell,n.钟，铃，门铃；钟声,CET4,
belong,vi.属于，附属,CET4,
beloved,所钟爱的， 所爱戴的,CET4,
below,prep.在…下面(以下),CET4,
belt,n.带，腰带；皮带；区,CET4,
bench,n.长凳，条凳；工作台,CET4,
bend,vt.使弯曲 vi.弯曲,CET4,
beneath,在下方， 在底下；在…下方；低于，次于；在…掩盖下；连…也不值得，有失…的身份,CET4,
beneficial,有利的， 有益的,CET4,
benefit,有益于； 得益；利益，恩惠；救济金，保险金，津贴,CET4,
berry,n.浆果(如草莓等),CET4,
beside,prep.在…旁边,CET4,
besides,而且；除…之外,CET4,
best,a.最好的；最大的,CET4,
bet,打赌；敢说，确信；打赌； 赌金， 赌注,CET4,
better,a.较好的 ad.更好地,CET4,
between,prep.在…中间,CET4,
beyond,在更远处， 再往后；在…的那边，远于；迟于；越出,CET4,
bible,圣经,CET4,
bicycle,n.自行车，脚踏车,CET4,
bid,企图，努力；喊价，出价，投标；喊价， 投标， 出； 祝， 表示； 命令,CET4,
big,a.大的，巨大的,CET4,
bike,n.自行车 vi.骑自行车,CET4,
bill,n.账单；招贴；票据,CET4,
billion,十亿,CET4,
bind,捆绑， 包扎； 装订； 约束； 使结合， 使黏合,CET4,
biology,生物学， 生态学,CET4,
biotechnology,生物工艺学,CET4,
bird,n.鸟，禽,CET4,
birth,n.分娩，出生；出身,CET4,
birthday,n.生日，诞生的日期,CET4,
biscuit,n.(英)饼干；(美)软饼,CET4,
bit,n.一点，一些，小片,CET4,
bite,vt.咬，叮，螫；剌穿,CET4,
bitter,a.痛苦的；严寒的,CET4,
bitterly,ad.苦苦地；悲痛地,CET4,
black,a.黑色的；黑暗的,CET4,
blackboard,n.黑板,CET4,
blade,刀刃， 刀片， 叶片,CET4,
blame,vt.责备，把…归咎于,CET4,
blank,空白的；茫然的，无表情的；空白； 空白表格,CET4,
blanket,毛毯， 毯子， 羊毛毯,CET4,
blast,爆炸，冲击波；一阵；炸,CET4,
bleed,出血， 流血； 泌脂；勒索…的钱,CET4,
blend,混合,CET4,
bless,vt.为…祝福,CET4,
blind,a.瞎的；盲目的,CET4,
block,n.街区 vt.堵塞，拦阻,CET4,
blood,n.血，血液；血统,CET4,
bloody,[用于加强语气]非常，很；[用于加强语气]非常的；该死的；流血的；嗜杀的；血染,CET4,
bloom,开花；花，开花，开花期；青春焕发,CET4,
blow,vi.吹，吹动；吹响,CET4,
blue,a.蓝色的 n.蓝色,CET4,
board,搭伙； 膳宿；板，牌子；木板，纸板；委员会，董事会；伙食；上,CET4,
boast,自夸；自豪；自夸，吹嘘；以拥有…而自豪；自吹自擂， 自夸的话,CET4,
boat,n.小船，艇；渔船,CET4,
body,n.身体；主体；尸体,CET4,
boil,vi.沸腾；汽化 vt.煮沸,CET4,
bold,勇敢的； 鲁莽的； 粗体的， 黑体的； 醒目的,CET4,
bolt,螺栓，插销；闩门,CET4,
bomb,n.炸弹 vt.轰炸,CET4,
bond,黏合， 结合；联结，联系；公债；契约，合同,CET4,
bone,n.骨，骨骼,CET4,
book,n.书，书籍 vt.预定,CET4,
boom,激增， 繁荣， 迅速发展； 发出隆隆声；激增，繁荣，迅速发展；隆隆声，嗡嗡声,CET4,
boost,提高，使增长；推动，激励；替…做广告，宣扬；提高， 增长； 推动， 激励,CET4,
boot,靴子， 长筒靴； 行李箱； 解雇,CET4,
border,边，边缘，边界；给…加上边， 围； 邻接； 与…接壤,CET4,
bore,使厌烦；钻，挖；令人讨厌的人,CET4,
boring,令人厌烦的， 乏味的， 无聊的,CET4,
born,a.天生的；出生的,CET4,
borrow,vt.借，借用，借人,CET4,
bosom,n.胸，胸部；内心,CET4,
boss,n.老板，上司 vt.指挥,CET4,
both,pron.两者(都),CET4,
bother,vt.烦扰，迷惑 n.麻烦,CET4,
bottle,n.瓶，酒瓶；一瓶,CET4,
bottom,n.底，底部，根基,CET4,
bough,n.树枝,CET4,
bounce,弹起，反弹；颠簸；弹， 反弹,CET4,
bound,跳跃；弹回，反跃；一定的；有义务的；跳跃；弹回，反跃；成为…的界限，给…划界；跳跃； 界限， 限制,CET4,
boundary,分界线， 边界,CET4,
bow,n.弓；蝴蝶结；鞠躬,CET4,
bowl,n.碗，钵；碗状物,CET4,
box,n.箱，盒；包箱；vi.拳击，打拳,CET4,
boy,n.男孩，少年；家伙,CET4,
bracket,括号；把…归为同一类,CET4,
brain,n.脑，脑髓；脑力,CET4,
brake,制动； 刹住， 用闸使放慢速度；闸，刹车,CET4,
branch,n.树枝；分部；分科,CET4,
brand,品牌；烙印；铭刻， 打烙印于； 加污名于， 谴责,CET4,
brandy,n.白兰地酒,CET4,
brass,黄铜， 黄铜器， 铜管乐器,CET4,
brave,勇敢的； 华丽的,CET4,
bread,n.面包；食物，粮食,CET4,
breadth,宽度； 幅度， 幅面,CET4,
break,vt.打破；损坏；破坏,CET4,
breakdown,垮， 衰竭； 损坏， 故障； 倒塌,CET4,
breakfast,n.早饭，早餐,CET4,
breast,乳房； 胸脯， 胸膛,CET4,
breath,n.气息，呼吸；气味,CET4,
breathe,vi.呼吸 vt.呼吸,CET4,
breed,繁殖； 养育， 培育； 酿成， 产生；品种,CET4,
breeze,飘然而行；微风，和风,CET4,
brick,砖， 砖块， 砖状物,CET4,
bride,新娘,CET4,
bridge,n.桥，桥梁；桥牌,CET4,
brief,简短的，短暂的；向…介绍基本情况，做…的提要；概要， 摘要,CET4,
bright,a.明亮的；聪明的,CET4,
brighten,vt.使发光；使快活,CET4,
brilliant,光辉的； 卓越的,CET4,
brim,n.边，边缘；帽沿,CET4,
bring,vt.带来；引出；促使,CET4,
bristle,n.短而硬的毛；鬃毛,CET4,
britain,n.不列颠，英国,CET4,
british,a.不列颠的，英联邦的,CET4,
brittle,a.脆的；易损坏的,CET4,
broad,a.宽的，阔的；广泛的,CET4,
broadcast,n.广播，播音,CET4,
broken,a.被打碎的，骨折的,CET4,
brook,n.小河，溪流,CET4,
broom,扫帚,CET4,
brother,n.兄弟；同事，同胞,CET4,
brow,额， 眉， 眉毛,CET4,
brown,n.褐色，棕色,CET4,
brush,n.刷子，毛刷；画笔,CET4,
brute,n.禽兽，畜生,CET4,
bubble,冒泡； 沸腾；泡,CET4,
bucket,水桶， 吊桶； 铲斗,CET4,
budget,规划，安排；编预算；低廉的， 收费公道的；预算，预算拨款,CET4,
build,vt.建筑；建立；创立,CET4,
building,n.建筑物，大楼；建筑,CET4,
bulb,电灯泡， 球状物,CET4,
bulk,变得越来越大； 使更大；物体；体积；大批,CET4,
bullet,枪弹， 子弹， 弹丸,CET4,
bump,碰，撞；颠簸着前进；碰撞， 猛撞； 肿块； 隆起物,CET4,
bunch,集中， 挤在一起； 形成一束；群，伙；束，串，捆；使成一束,CET4,
bundle,捆，包，束；包袱；收集， 归拢； 把…塞入,CET4,
burden,重担，精神负担；加重压于， 烦扰； 负担， 装载,CET4,
bureau,局， 司， 处， 社， 所,CET4,
burn,vi.烧，燃烧 n.烧伤,CET4,
burst,爆裂，爆炸；挤满；突然打开；突然发作；使爆炸；突然打开；爆炸,CET4,
bury,vt.埋葬，葬；埋藏,CET4,
bus,n.公共汽车,CET4,
bush,n.灌木，灌木丛，矮树,CET4,
business,n.商业，生意；事务,CET4,
busy,a.忙的，繁忙的,CET4,
but,conj.但是，可是,CET4,
butcher,肉商，肉贩，屠夫；屠宰， 残杀,CET4,
butter,n.黄油；奶油,CET4,
butterfly,蝴蝶,CET4,
button,n.扣子；按钮 vt.扣紧,CET4,
buy,vt.买，购买 vi.买,CET4,
by,prep.在…旁；被，由,CET4,
cabbage,洋白菜， 卷心菜,CET4,
cabin,小屋； 船舱， 机舱,CET4,
cabinet,橱， 柜； 内阁,CET4,
cable,缆， 索， 电缆； 电报,CET4,
cafe,n.咖啡馆；小餐厅,CET4,
cage,n.笼；鸟笼，囚笼,CET4,
cake,n.饼，糕，蛋糕,CET4,
calculate,计算； 估计； 计划,CET4,
calculation,n.计算，计算结果,CET4,
calculator,计算器， 计算者,CET4,
calendar,日历， 历书， 历法,CET4,
call,vt.把…叫做；叫，喊,CET4,
calm,静的，平静的；平静， 镇静,CET4,
camel,骆驼,CET4,
camera,n.照相机，摄影机,CET4,
camp,n.野营，营地，兵营,CET4,
campaign,参加运动； 参加竞选；战役；运动,CET4,
campus,校园， 学校场地,CET4,
can,aux.v.能，会，可能；n.罐头，听头；容器,CET4,
canada,n.加拿大,CET4,
canadian,a.加拿大的,CET4,
canal,运河， 沟渠； 管,CET4,
cancel,取消， 撤销； 删去,CET4,
cancer,癌， 癌症； 肿瘤,CET4,
candidate,候选人； 投考者， 申请求职者,CET4,
candle,n.蜡烛；烛形物；烛光,CET4,
candy,糖果,CET4,
canoe,n.独木舟，皮艇，划子,CET4,
canteen,n.小卖部；临时餐室,CET4,
cap,n.帽子，便帽；帽状物,CET4,
capable,有能力的， 有才能的,CET4,
capacity,容量； 能力， 才能； 能量； 身份， 地位,CET4,
capital,n.资本，资金；首都,CET4,
captain,n.陆军上尉；队长,CET4,
capture,捕获， 俘获； 夺得,CET4,
car,n.汽车，小汽车，轿车,CET4,
carbon,碳,CET4,
card,n.卡，卡片，名片,CET4,
care,vi.关心，介意 n.小心,CET4,
career,生涯， 职业， 经历,CET4,
careful,a.仔细的；细致的,CET4,
careless,a.粗心的，漫不经心的,CET4,
cargo,船货， 货物,CET4,
carpenter,木工， 木匠,CET4,
carpet,地毯,CET4,
carriage,客车厢， 四轮马车,CET4,
carrier,运输工具， 运载工具； 带菌者； 载重架， 置物架,CET4,
carrot,胡萝卜,CET4,
carry,vt.携带；运载；传送,CET4,
cart,运货马车,CET4,
cartoon,卡通画， 幽默画； 动画片， 卡通片,CET4,
case,n.情况；事实；病例；n.箱(子)，盒(子)，套,CET4,
cash,现金，现款；把…兑现,CET4,
cashier,出纳,CET4,
cassette,盒式录音带,CET4,
cast,投，扔，抛；浇铸；演员表， 全体演员； 石膏绷带； 铸型， 铸件； 投， 抛,CET4,
castle,n.城堡；巨大建筑物,CET4,
casual,偶然的； 非正式的； 临时的， 不定期的； 漠不关心的， 冷淡的,CET4,
cat,n.猫，猫科，猫皮,CET4,
catalog,目录，目录册；一系列；将…编入目录， 将编目,CET4,
catalogue,目录；为…编目录，把…列入目录中,CET4,
catch,vt.捉住；赶上；领会,CET4,
category,种类， 类， 类别,CET4,
cattle,牛； 牲口， 家畜,CET4,
cause,n.原因，理由；事业,CET4,
cautious,十分小心的， 谨慎的,CET4,
cave,n.山洞，洞穴，窑洞,CET4,
cease,停止， 终止,CET4,
ceiling,n.天花板，顶蓬,CET4,
celebrate,vt.庆祝；歌颂，赞美,CET4,
cell,n.细胞；小房间,CET4,
cement,水泥，胶泥；黏结； 巩固， 使团结,CET4,
cent,n.分；分币；百,CET4,
center,圆心， 正中； 中心,CET4,
centigrade,百分度的； 摄氏的,CET4,
centimetre,公分， 厘米,CET4,
central,a.中心的；主要的,CET4,
centre,n.中心；中枢 vt.集中,CET4,
century,n.世纪，百年,CET4,
ceremony,典礼， 仪式， 礼节,CET4,
certain,a.确实的；肯定的,CET4,
certainly,ad.一定，必定；当然,CET4,
certificate,证书， 证件， 执照,CET4,
chain,n.链，链条，项圈,CET4,
chair,n.椅子；主席,CET4,
chairman,n.主席；议长，会长,CET4,
chalk,n.白垩；粉笔,CET4,
challenge,挑战；邀请比赛；艰巨的任务；怀疑，质问；反对， 公然反抗； 向…挑战； 对…质疑,CET4,
chamber,会议室， 会所； 房间； 腔， 室,CET4,
champion,冠军， 得胜者； 捍卫者， 拥护者,CET4,
chance,n.机会，机遇；可能性,CET4,
change,n.改变，变化；零钱,CET4,
channel,海峡， 水道， 航道； 渠道， 途径； 频道,CET4,
chaos,混乱， 紊乱,CET4,
chap,小伙子， 男人， 家伙,CET4,
chapter,章， 回， 篇,CET4,
character,性格， 特性； 性质； 人物， 角色； 符号； 字,CET4,
characteristic,特有的，典型的；特性,CET4,
characterize,成为…的特征， 以…为特征； 描绘的特性， 描述,CET4,
charge,索价；控告；充电，充满；向前冲；费用； 管理； 控告， 指责； 电荷， 充电,CET4,
charity,救济金， 施舍物； 慈善团体， 慈善事业； 宽大， 宽容,CET4,
charm,迷人的特性，魅力；符咒，咒文；吸引， 迷住,CET4,
charming,a.迷人的，可爱的,CET4,
chart,图表；航海图；用图表表示， 在图上表示,CET4,
charter,包租的， 租用的；宪章，共同纲领；特许状，许可证；包租；包，租,CET4,
chase,追逐， 追赶； 追求,CET4,
cheap,a.廉价的；劣质的,CET4,
cheat,欺骗；作弊；哄，行骗；欺骗， 欺骗行为； 骗子,CET4,
check,vt.检查；制止 n.检查,CET4,
cheek,n.面颊，脸蛋,CET4,
cheer,vt.使振作；欢呼,CET4,
cheerful,快乐的， 愉快的； 使人感到愉快的,CET4,
cheese,n.乳酪，干酪,CET4,
chemical,化学的；化学制品,CET4,
chemist,化学家， 药剂师,CET4,
chemistry,n.化学,CET4,
cheque,n.支票,CET4,
cherish,珍爱； 怀有,CET4,
cherry,n.樱桃；樱桃树,CET4,
chess,n.棋；国际象棋,CET4,
chest,胸腔， 胸膛； 箱子,CET4,
chew,咀嚼， 嚼碎,CET4,
chicken,n.小鸡，小鸟；鸡肉,CET4,
chief,主要的，为首的；总的；首领， 长官； 酋长， 族长,CET4,
child,n.小孩，儿童；儿子,CET4,
childhood,童年， 幼年， 早期,CET4,
childish,a.孩子的；幼稚的,CET4,
chill,变冷，感到冷；寒冷， 寒气； 风寒， 寒战,CET4,
chimney,n.烟囱，烟筒；玻璃罩,CET4,
chin,颏， 下巴,CET4,
china,n.中国；n.瓷器，瓷料,CET4,
chinese,a.中国的 n.中国人,CET4,
chip,屑片， 碎片； 炸土豆条； 集成电路片， 集成块； 缺口， 瑕疵,CET4,
chocolate,n.巧克力；巧克力糖,CET4,
choice,n.选择，抉择,CET4,
choke,使窒息； 塞满， 塞住,CET4,
choose,vt.选择，挑选；情愿,CET4,
chop,砍，劈；切细；排骨,CET4,
christ,基督， 救世主,CET4,
christian,基督教的；基督教徒，信徒,CET4,
christmas,n.圣诞节,CET4,
church,n.教堂，礼拜堂；教会,CET4,
cigar,雪茄烟,CET4,
cigarette,香烟， 纸烟， 卷烟,CET4,
cinema,n.电影院；电影，影片,CET4,
circle,n.圆，圆周；圈子,CET4,
circuit,电路， 线路； 环行， 巡行,CET4,
circular,圆的；循环的；兜圈子的；通知， 通告,CET4,
circulate,循环， 流通； 流传， 散布， 传播,CET4,
circulation,循环； 流传； 发行， 流通,CET4,
circumference,n.圆周，周长，圆周线,CET4,
circumstance,情况， 条件； 境遇， 境况； 经济情况,CET4,
cite,引用， 引证； 传唤， 传讯； 表彰， 嘉奖,CET4,
citizen,n.公民；市民，居民,CET4,
city,n.城市，都市,CET4,
civil,公民的； 文职的； 民用的； 民事的， 民法的； 文明的,CET4,
civilian,平民， 百姓,CET4,
civilization,文明， 文化； 开化,CET4,
civilize,使文明， 使开化， 教育,CET4,
claim,声称，主张；对…提出要求，索取；以…为其成果；需要，值得；要求， 认领， 索赔； 声称； 断言,CET4,
clap,拍手，轻拍；拍手， 鼓掌,CET4,
clarify,澄清， 阐明,CET4,
clash,发生冲突；不协调；砰地相撞，发出刺耳的撞击声；冲突； 不协调； 刺耳的撞击声,CET4,
class,n.班，班级；阶级,CET4,
classic,最优秀的，典型的，标准的；传统式样的，典雅的；文学名著， 经典作品， 杰作； 优秀的典范； 古典文学， 古典语文研究,CET4,
classical,古典的， 经典的,CET4,
classification,分类， 分级， 分类法； 类别， 级别,CET4,
classify,把…分类， 把…分级,CET4,
classmate,n.同班同学,CET4,
classroom,n.教室，课堂,CET4,
clause,条款； 从句， 分句,CET4,
claw,抓， 撕；爪，脚爪，螯,CET4,
clay,黏土， 泥土； 肉体,CET4,
clean,a.清洁的；纯洁的,CET4,
clear,a.清晰的 vt.清除,CET4,
clearly,ad.明白地，清晰地,CET4,
clerk,店员， 办事员， 职员,CET4,
clever,a.聪明的；机敏的,CET4,
click,发出咔嗒声；点击；咔嗒声,CET4,
client,委托人， 当事人， 顾客,CET4,
cliff,悬崖， 峭壁,CET4,
climate,气候； 风土， 地带； 风气， 气氛,CET4,
climb,vi.攀登，爬 vt.爬,CET4,
cloak,n.斗篷；覆盖(物),CET4,
clock,n.钟，仪表,CET4,
close,vt.关，闭；结束,CET4,
closely,ad.紧密地，接近地,CET4,
cloth,n.布；衣料；桌布,CET4,
clothe,vt.给…穿衣服,CET4,
clothes,n.衣服，服装；被褥,CET4,
clothing,n.衣服，被褥,CET4,
cloud,n.云；云状物；阴影,CET4,
cloudy,a.多云的；云一般的,CET4,
club,n.俱乐部，夜总会,CET4,
clue,线索， 暗示， 提示,CET4,
clumsy,笨拙的， 愚笨的； 粗陋的； 不得体的,CET4,
coach,长途公共汽车；教练，指导；旅客车厢；训练， 指导， 辅导,CET4,
coal,n.煤，煤块,CET4,
coarse,粗的， 粗糙的； 粗劣的； 粗俗的,CET4,
coast,n.海岸，海滨(地区),CET4,
coat,n.外套，上衣；表皮,CET4,
cock,n.公鸡；雄禽；旋塞,CET4,
code,n.准则；法典；代码,CET4,
coffee,n.咖啡，咖啡茶,CET4,
coil,卷，圈；线圈；卷,CET4,
coin,n.硬币；铸造(硬币),CET4,
cold,a.冷的；冷淡的 n.冷,CET4,
collaborative,合作的， 协作的， 协力完成的,CET4,
collapse,倒坍；塌下；突然失败；突然瓦解,CET4,
collar,n.衣领，项圈,CET4,
colleague,同事， 同僚,CET4,
collect,vt.收集 vi.收款,CET4,
collection,搜集， 聚集， 积聚； 收集， 收取； 收藏品， 收集的东西,CET4,
collective,集体的，集合性的；团体， 集体,CET4,
college,n.学院；大学,CET4,
collision,碰撞； 冲突， 抵触,CET4,
colonel,n.陆军上校；中校,CET4,
colony,殖民地； 侨居地， 聚居地； 群体， 集群,CET4,
color,n.颜色，彩色；颜料,CET4,
column,柱， 支柱， 圆柱； 纵队； 栏， 专栏,CET4,
comb,梳子；鸡冠，冠状物；梳理； 在…搜寻； 彻底搜查,CET4,
combat,战争，斗争，格斗；与…斗争， 与…战斗,CET4,
combination,结合， 联合； 化合,CET4,
combine,结合， 联合； 化合；联合企业； 联合收割机,CET4,
come,vi.来，来到；出现,CET4,
comedy,喜剧， 喜剧性,CET4,
comfort,n.舒适；安慰 vt.安慰,CET4,
comfortable,a.舒适的，安慰的,CET4,
command,命令， 指挥， 控制,CET4,
commander,司令官， 指挥员,CET4,
comment,评论；评论，意见，注释；闲话，议论,CET4,
commerce,商业， 贸易； 社交,CET4,
commercial,商业的， 商务的； 商品化的， 商业性的,CET4,
commission,委任状；委员会；佣金，回扣；授权，委托；委任， 委托,CET4,
commit,犯， 干； 使承诺； 把…托付给； 调拨…供使用， 拨出,CET4,
commitment,承诺， 许诺， 保证； 信奉， 献身； 承担的义务,CET4,
committee,委员会， 全体委员,CET4,
common,a.普通的；共同的,CET4,
commonly,ad.普通地，一般地,CET4,
communicate,通讯； 交际， 交流； 连接， 相通； 传达， 传播； 传染,CET4,
communication,通讯， 交流， 交际； 通信工具， 交通联系,CET4,
communism,n.共产主义,CET4,
communist,n.共产党员,CET4,
community,社区， 社会， 公社； 团体， 界； 群落,CET4,
companion,同伴， 共事者； 伴侣,CET4,
company,n.公司，商号；同伴,CET4,
comparable,可比较的； 类似的； 比得上的,CET4,
comparative,比较的， 相对的,CET4,
compare,比较， 对照； 把…比作,CET4,
comparison,比较， 对照； 比拟， 比喻,CET4,
compass,罗盘， 指南针； 圆规； 界限， 范围,CET4,
compassion,同情， 怜悯,CET4,
compel,强迫， 迫使屈服,CET4,
compensation,补偿， 赔偿,CET4,
compete,比赛， 竞争， 对抗,CET4,
competent,有能力的， 能胜任的,CET4,
competition,竞争， 比赛,CET4,
competitive,竞争的， 比赛的； 好竞争的， 求胜心切的； 有竞争力的,CET4,
complain,抱怨， 诉苦； 控告， 投诉,CET4,
complaint,抱怨， 怨言； 控告,CET4,
complete,a.完整的；完成的,CET4,
completely,ad.十分，完全地,CET4,
complex,由许多部分组成的， 复合的； 复杂的， 难懂的,CET4,
complicate,vt.使复杂；使陷入,CET4,
complicated,复杂的， 难懂的,CET4,
component,组成的， 构成的；组成部分，部件，组件,CET4,
compose,组成， 构成； 创作， 为…谱曲； 使平静， 使镇静,CET4,
composition,n.构成；作品；写作,CET4,
compound,复合的， 化合的；化合物，复合物；复合词；使恶化， 加重； 使化合， 使合成,CET4,
comprehension,理解， 理解力， 领悟； 理解力测验,CET4,
comprehensive,广泛的， 综合的； 理解的,CET4,
compress,压紧， 压缩,CET4,
comprise,包含， 包括， 构成,CET4,
compromise,妥协； 危及； 放弃；妥协，和解，折中办法,CET4,
computer,n.计算机，电脑,CET4,
comrade,n.同志，亲密的同伴,CET4,
conceal,把…隐藏起来， 掩盖， 隐瞒,CET4,
concede,承认， 承认…为真； 承认失败； 允许， 让予； 让步， 认输,CET4,
concentrate,全神贯注，全力以赴；集中，聚集；浓缩；浓缩物， 浓缩液,CET4,
concentration,集中； 专注， 专心； 浓缩， 浓度,CET4,
concept,概念， 观念， 设想,CET4,
concern,关切的事，有关的事；关心，挂念；关系，关联；公司，企业；涉及， 有关； 使关心， 使担心,CET4,
concerning,关于,CET4,
concert,n.音乐会，演奏会,CET4,
concession,让步， 妥协； 特许， 特许权； 承认， 认可,CET4,
conclude,推断出， 推论出； 结束， 终了； 缔结， 议定,CET4,
conclusion,结论， 推论； 结尾； 缔结， 议定,CET4,
concrete,实在的， 具体的；混凝土；具体物,CET4,
condemn,谴责， 指责； 判…刑， 宣告…有罪,CET4,
condense,冷凝， 凝结； 浓缩， 压缩， 简缩,CET4,
condition,状况， 状态； 环境,CET4,
conduct,举止， 行为； 指导； 管理； 实施；进行； 管理， 指挥， 引导； 传输， 传导,CET4,
conductor,售票员， 列车长； 指挥； 导体,CET4,
conference,会议， 讨论会； 讨论， 商谈,CET4,
confess,供认， 坦白； 承认,CET4,
confidence,信任， 信赖； 信心， 自信,CET4,
confident,确信的， 肯定的； 自信的,CET4,
confidential,秘密的， 机密的； 亲信的,CET4,
confine,限制， 使局限； 使不外出， 禁闭,CET4,
confirm,证实， 肯定； 确认； 批准,CET4,
conflict,冲突， 抵触；冲突， 抵触， 争论； 战斗， 战争,CET4,
confront,迎面遇到， 遭遇； 勇敢地面对， 正视； 使对质， 使当面对证,CET4,
confuse,使困惑， 把…弄糊涂； 混淆， 把…混同； 混乱， 搞乱,CET4,
confusion,困惑， 糊涂； 混淆； 骚乱,CET4,
congratulate,祝贺， 向…道喜,CET4,
congratulation,贺词； 祝贺， 恭喜,CET4,
congress,代表大会； [C-]国会， 议会,CET4,
conjunction,接合， 连接， 联合； 连词,CET4,
connect,连接， 结合， 联系； 给…接通电话,CET4,
connection,联系， 关系； 连接， 衔接； 连贯性； 熟人， 关系,CET4,
connexion,connection的英式拼法,CET4,
conquer,征服， 战胜； 破除， 克服,CET4,
conquest,攻取， 征服， 克服,CET4,
conscience,良心， 道德心,CET4,
conscious,意识到的， 自觉的； 神志清醒的； 有意的， 存心的,CET4,
consciousness,"n.意识,觉悟;知觉",CET4,
consent,同意；同意，赞成,CET4,
consequence,结果， 后果； 重要， 重大,CET4,
consequently,因此， 因而， 所以,CET4,
conservation,保存； 保护； 守恒,CET4,
conservative,保守的，守旧的；不时兴的，传统的；保守的人,CET4,
consider,vt.认为；考虑；关心,CET4,
considerable,相当大的； 重要的,CET4,
considerate,考虑周到的， 体贴的， 体谅的,CET4,
consideration,考虑， 思考， 要考虑的事； 体贴， 关心,CET4,
considering,鉴于， 考虑到， 顾及,CET4,
consist,由…组成； 在于； 一致,CET4,
consistent,坚持的， 一贯的； 一致的， 符合的,CET4,
constant,经常的，不断的，连续发生的；永恒的；忠实的，忠诚的；常数， 恒量,CET4,
constitute,组成， 形成； 设立； 任命,CET4,
constitution,宪法， 章程； 组成； 设立,CET4,
construct,建造； 构思；建筑物； 构想， 观念,CET4,
construction,建造； 建筑物； 结构,CET4,
consult,请教； 查阅； 商议,CET4,
consultancy,咨询公司,CET4,
consultant,顾问； 会诊医师， 专科医生,CET4,
consume,消费， 吃完， 喝光； 毁灭； 使着迷， 充满,CET4,
consumer,消费者， 用户， 消耗者,CET4,
consumption,消耗， 消费,CET4,
contact,接触；联系，交往；与…接触， 与…取得联系,CET4,
contain,vt.包含，容纳；等于,CET4,
container,容器； 集装箱,CET4,
contemporary,当代的；同时代的；同代人， 当代人,CET4,
content,n.内容，目录；容量；a.满意的，满足的,CET4,
contest,竞赛， 争夺；争夺， 与…竞争； 对…提出质疑， 辩驳,CET4,
continent,n.大陆；陆地；洲,CET4,
continual,连续的； 频频的,CET4,
continue,vt.继续，连续；延伸,CET4,
continuous,连续不断的； 延伸的,CET4,
contract,缩小； 订合同； 感染， 染上；契约， 合同,CET4,
contradiction,矛盾， 不一致； 否认， 反驳,CET4,
contrary,相反的；相反,CET4,
contrast,形成对比， 对比之下显出区别；对比， 对照； 反差；对比，对照,CET4,
contribute,捐献， 捐款； 投稿,CET4,
contribution,贡献， 促成作用； 捐款， 捐献物； 稿件,CET4,
control,vt.控制，克制 n.控制,CET4,
controversial,引起争论的， 有争议的,CET4,
controversy,争论， 辩论,CET4,
convenience,方便； 便利设施,CET4,
convenient,a.便利的；近便的,CET4,
convention,习俗， 惯例； 公约； 会议,CET4,
conventional,普通的； 习惯的， 常规的； 因循守旧的,CET4,
conversation,"n.会话,非正式会谈",CET4,
conversely,相反,CET4,
convert,转变， 转化； 改变,CET4,
convey,表达， 传递； 运送， 输送,CET4,
convict,证明…有罪， 宣判…有罪；囚犯,CET4,
conviction,确信； 坚定的信仰； 说服， 信服； 定罪， 判罪,CET4,
convince,使确信， 使信服， 说服,CET4,
cook,vt.烹调，煮 vt.烧菜,CET4,
cool,a.凉的，冷静的,CET4,
cooperate,合作， 协作； 配合,CET4,
coordinate,同等的， 并列的；协调， 调节；坐标,CET4,
coordination,同等； 调和,CET4,
cop,警察,CET4,
cope,应付， 处理,CET4,
copper,铜； 铜币， 铜制器,CET4,
copy,n.抄件 vt.抄写，复制,CET4,
copyright,版权,CET4,
cord,细绳， 粗线， 索； 灯芯绒裤,CET4,
core,果实的心； 核心， 要点,CET4,
corn,n.谷物；(英)小麦,CET4,
corner,n.角；犄角；边远地区,CET4,
corporation,公司， 企业， 社团,CET4,
correct,a.正确的 vt.纠正,CET4,
correction,n.改正，纠正，修改,CET4,
correspond,相符合， 相当； 通信,CET4,
correspondence,信件， 函件； 通信， 通信联系； 符合， 一致， 相似,CET4,
correspondent,通讯员， 记者,CET4,
corresponding,相应的， 符合的,CET4,
corridor,走廊， 回廊， 通路,CET4,
cost,n.价格，代价；成本,CET4,
costly,昂贵的， 价值高的,CET4,
cottage,n.村舍，小屋,CET4,
cotton,n.棉；棉线；棉布,CET4,
cough,vi.咳，咳嗽 n.咳嗽,CET4,
could,aux.v.(can 的过去式),CET4,
council,理事会， 委员会,CET4,
counsel,律师，法律顾问；忠告，劝告；劝告， 提议,CET4,
count,vt.计算 vi.数，计数,CET4,
counter,柜台； 计数器； 筹码,CET4,
country,n.国家，国土；农村,CET4,
countryside,n.乡下，农村,CET4,
county,郡， 县,CET4,
couple,n.夫妇；(一)对；几个,CET4,
coupon,礼券， 优惠券， 配给券； 联票； 票证,CET4,
courage,n.勇气，胆量，胆识,CET4,
course,n.课程；过程；一道菜,CET4,
court,法院， 法庭； 庭院； 宫廷； 球场,CET4,
courtyard,庭院， 院子,CET4,
cousin,n.堂(或表)兄弟(姐妹),CET4,
cover,vt.盖，包括 n.盖子,CET4,
cow,n.母牛，奶牛；母兽,CET4,
crack,爆裂； 噼啪地响； 打， 击；裂缝，裂纹；破裂声,CET4,
craft,工艺， 手艺； 船， 航空器,CET4,
crane,起重机， 摄影升降机； 鹤,CET4,
crash,发出撞击声；垮台，破产；冲，闯；碰撞；坠落；碰撞； 破裂声,CET4,
crawl,爬， 爬行； 缓慢地行进,CET4,
crazy,a.疯狂的，荒唐的,CET4,
cream,n.奶油，乳脂；奶油色,CET4,
create,创造； 引起， 产生,CET4,
creative,创造性的， 创作的,CET4,
creature,创造物， 产物； 生物， 动物， 家畜,CET4,
credit,信贷，赊欠；赞扬，荣誉；学分；信任；相信； 把…记入贷方； 把…归于,CET4,
creep,爬行， 缓慢地行进,CET4,
crew,全体船员； 一队工作人员,CET4,
cricket,n.板球；蟋蟀,CET4,
crime,罪， 罪行， 犯罪,CET4,
criminal,犯罪的， 刑事的；犯人，罪犯，刑事犯,CET4,
criminology,犯罪学， 刑事学,CET4,
cripple,跛子；残疾人；使跛； 使残疾,CET4,
crisis,危机， 存亡之际； 关键阶段,CET4,
critic,批评家， 爱挑剔的人,CET4,
critical,决定性的； 批评的,CET4,
criticism,批评， 批判； 评论， 评论文章,CET4,
criticize,批评； 评论； 非难,CET4,
crop,n.农作物，庄稼；一熟,CET4,
cross,vt.穿过；使交叉,CET4,
crossing,人行横道， 交叉口； 横渡,CET4,
crow,n.鸦，乌鸦 vi.啼,CET4,
crowd,聚集； 挤满； 挤； 推；群，一批,CET4,
crown,王冠， 冕,CET4,
crucial,至关重要的， 决定性的,CET4,
crude,简陋的， 天然的； 粗鲁的， 粗俗的,CET4,
cruel,a.残忍的，残酷的,CET4,
cruise,航游，巡航；缓慢巡行；航游， 游弋,CET4,
crush,压碎， 碾碎； 摧毁， 压垮,CET4,
crust,面包皮， 硬外皮； 外壳， 地壳,CET4,
cry,vi.哭，哭泣；叫喊,CET4,
crystal,水晶， 结晶体， 晶粒,CET4,
cube,清澈透明的；立方形，立方,CET4,
cubic,a.立方形的；立方的,CET4,
cue,暗示，信号；提示；提示； 暗示,CET4,
cultivate,耕作， 种植； 培养， 陶冶,CET4,
culture,文化， 文明； 教养； 培养； 培养菌,CET4,
cunning,a.狡猾的，狡诈的,CET4,
cup,n.杯子；(一)杯；奖杯,CET4,
cupboard,柜橱；  碗碟橱， 食橱,CET4,
cure,vt.医治；消除 n.治愈,CET4,
curiosity,好奇， 好奇心； 奇物， 奇事， 珍品,CET4,
curious,好奇的； 奇怪的,CET4,
curl,鬈发； 卷曲， 卷曲物,CET4,
currency,通货， 货币； 通行， 流行,CET4,
current,当前的， 通用的； 流行的， 流传的,CET4,
curriculum,课程， 全部课程,CET4,
curse,诅咒，咒骂；天谴； 祸害， 祸根,CET4,
curtain,门帘， 窗帘； 幕,CET4,
curve,弯曲；曲线，弯，弯曲处,CET4,
cushion,垫子， 坐垫， 靠垫,CET4,
custom,n.习惯，风俗；海关,CET4,
customer,n.顾客，主顾,CET4,
cut,vt.切，割，剪；减少,CET4,
cycle,循环（周期）；骑自行车,CET4,
daily,a.每日的 n.日报,CET4,
dairy,乳制品的；牛奶场；乳制品,CET4,
dam,水坝，水堤；障碍物；筑堤挡住,CET4,
damage,vt.损害，毁坏 n.损害,CET4,
damn,该死，见鬼〔表示很生气或失望〕；非常，很；该死的〔表示对某人或某事物生气〕,CET4,
damp,潮湿的，微湿的；潮湿，湿气；使潮湿； 使沮丧； 抑制,CET4,
dance,vi.跳舞；摇晃 n.舞,CET4,
danger,n.危险；危险事物,CET4,
dangerous,a.危险的，不安全的,CET4,
dare,vt.&aux.v.敢；竟敢,CET4,
daring,a.大胆的，勇敢的,CET4,
dark,a.暗的；黑色的,CET4,
darling,n.亲爱的人；宠儿,CET4,
dash,猛冲，击碎；使猛撞，飞奔；溅；猛冲； 破折号,CET4,
data,资料，数据,CET4,
date,n.日期 vt.注…日期,CET4,
daughter,n.女儿,CET4,
dawn,n.黎明；开端 vi.破晓,CET4,
day,n.(一)天，白昼，白天,CET4,
daylight,白昼， 日光， 黎明,CET4,
dead,a.死的，无生命的,CET4,
deadline,最后期限,CET4,
deaf,聋的； 不愿听的,CET4,
deal,n.买卖；待遇 vt.给予,CET4,
dear,a.亲爱的 int.啊,CET4,
death,n.死，死亡；灭亡,CET4,
debate,争论， 辩论,CET4,
debt,债， 债务， 欠债,CET4,
decade,十年， 十年期,CET4,
decay,腐烂；衰败；腐烂,CET4,
deceit,n.欺骗，欺诈,CET4,
deceive,欺骗， 蒙蔽， 行骗,CET4,
december,n.十二月,CET4,
decent,像样的， 过得去的， 体面的； 宽厚的， 大方的； 正派的； 合乎礼仪的， 得体的,CET4,
deception,欺骗； 诡计， 骗局,CET4,
decide,vt.决定，决心；解决,CET4,
decision,n.决定，决心；果断,CET4,
deck,甲板， 舱面； 层面,CET4,
declaration,宣布， 宣告； 宣言， 声明； 申报,CET4,
declare,vt.断言；声明；表明,CET4,
decline,下降， 减少； 衰退， 衰落； 谢绝， 拒绝；下降，减少；衰退,CET4,
decorate,装饰， 装潢， 修饰,CET4,
decrease,减少；减少,CET4,
deed,n.行为；功绩；契约,CET4,
deep,a.深的；纵深的,CET4,
deepen,vt.加深 vi.深化,CET4,
deer,n.鹿,CET4,
defeat,战胜， 挫败,CET4,
defect,变节， 叛变；缺点， 缺陷， 欠缺,CET4,
defence,n.防御；防务；辩护,CET4,
defend,vt.保卫，防守,CET4,
define,给…下定义， 限定,CET4,
definite,明确的， 肯定的,CET4,
definitely,一定地， 明确地,CET4,
definition,定义， 释义， 定界； 清晰， 鲜明,CET4,
degree,n.程度；度；学位,CET4,
delay,vt.推迟；耽搁；延误,CET4,
delegate,代表， 代表团成员；委派…为代表； 授 ， 把…委托给,CET4,
delegation,n.代表团,CET4,
delete,删除， 擦掉,CET4,
deliberate,故意的， 蓄意的； 慎重的， 深思熟虑的；仔细考虑， 思考,CET4,
delicate,纤细的， 易碎的； 微妙的； 精美的,CET4,
delicious,美味的； 芬芳的， 怡人的； 有趣的,CET4,
delight,n.快乐 vt.使高兴,CET4,
deliver,vt.投递，送交；发表,CET4,
delivery,投递， 交付； 分娩； 讲话方式； 投递的邮件,CET4,
demand,要求， 需要； 查问,CET4,
democracy,民主， 民主制； 民主国家,CET4,
democratic,民主的， 民主政体的,CET4,
demonstrate,说明； 论证； 表露,CET4,
dense,密集的， 浓厚的； 密度大的,CET4,
density,密集， 稠密； 密度,CET4,
dental,牙齿的， 牙科的,CET4,
deny,否定， 否认； 拒绝…的要求,CET4,
depart,离开， 起程， 出发,CET4,
department,"n.部,司,局,处,系",CET4,
departure,离开， 起程， 出发； 背离， 违背,CET4,
depend,vi.依靠，依赖；相信,CET4,
dependent,依靠的， 依赖的； 取决于…的,CET4,
deposit,使沉淀；存放，储蓄；定金， 押金； 存款； 矿藏,CET4,
depress,使沮丧； 使不景气； 削弱， 抑制,CET4,
depression,抑郁， 沮丧； 不景气， 萧条； 洼地， 凹陷,CET4,
depth,n.深度；深厚；深处,CET4,
deputy,副职， 副手； 代表， 代理人,CET4,
derive,取得； 起源,CET4,
descend,下来， 下降； 下倾,CET4,
describe,形容； 描写； 画出,CET4,
description,n.描写，形容；种类,CET4,
desert,n.沙漠 vt.离弃；擅离,CET4,
deserve,应受， 值得,CET4,
design,设计；预定，指定；设计， 构想； 图样； 企图,CET4,
desirable,值得向往的， 令人满意的,CET4,
desire,渴望；要求；愿望； 欲望,CET4,
desk,n.书桌，办公桌,CET4,
despair,绝望；绝望，感到无望,CET4,
desperate,拼死的， 不顾一切的； 绝望的； 极需要的,CET4,
despite,不管， 不顾,CET4,
dessert,甜食， 点心,CET4,
destination,目的地， 终点， 目标,CET4,
destroy,vt.破坏；消灭；打破,CET4,
destruction,破坏， 毁灭， 消灭,CET4,
detail,细节，枝节；零件；详细说明,CET4,
detect,察觉， 发觉； 侦查出,CET4,
detection,察觉， 发觉； 侦查， 探测,CET4,
detective,侦探， 私人侦探,CET4,
determination,决心， 决定； 确定,CET4,
determine,决意；决定；查明；使下决心,CET4,
develop,vt.发展；形成；开发,CET4,
development,n.发展;开发；生长,CET4,
developmental,发展的,CET4,
device,器械， 装置， 设备； 手段， 策略,CET4,
devil,魔鬼， 恶魔； 家伙， 人,CET4,
devise,设计， 发明,CET4,
devote,将…奉献给； 把…专用,CET4,
devotion,献身， 奉献； 忠实； 热爱； 虔诚,CET4,
dew,n.露，露水,CET4,
diagnose,诊断,CET4,
diagram,图解， 图表， 简图,CET4,
dial,n.钟面；拨号盘 vt.拨,CET4,
dialect,方言， 土语， 地方话,CET4,
dialog,n.对话，对白,CET4,
diameter,直径,CET4,
diamond,n.金钢石，钻石；菱形,CET4,
diary,n.日记，日记簿,CET4,
dictate,口授； 命令， 规定， 要求；命令， 指挥,CET4,
dictation,口授； 听写,CET4,
dictionary,n.词典，字典,CET4,
die,vi.死，死亡；灭亡,CET4,
differ,不同， 相异； 发生分歧,CET4,
difference,n.差别；差；分歧,CET4,
different,a.差异的；各种的,CET4,
difficult,a.困难的；难对付的,CET4,
difficulty,a.困难；难事；困境,CET4,
dig,vt.掘，挖；采掘,CET4,
digest,消化； 领会；文摘； 摘要,CET4,
digital,数字的， 数位的,CET4,
dim,昏暗的；朦胧的；模糊不清的；变暗淡,CET4,
dimension,尺寸， 尺度； 方面， 特点； 面积， 规模,CET4,
dinner,n.正餐，主餐；宴会,CET4,
dip,蘸，浸；游一会儿泳,CET4,
diplomatic,外交的， 从事外交的； 策略的， 有手腕的,CET4,
direct,a.直接的；直率的,CET4,
direction,n.方向，方位；指导,CET4,
directly,直接地； 正好地， 截然； 立即,CET4,
director,n.指导者；理事；导演,CET4,
dirt,灰尘， 土； 污物， 污垢,CET4,
dirty,a.脏的；下流的,CET4,
disadvantage,n.不利(地位),CET4,
disagree,vi.有分歧；不一致,CET4,
disappear,不见， 失踪， 消失,CET4,
disappoint,vt.使失望，使受挫折,CET4,
disaster,灾难， 灾祸， 天灾； 彻底的失败,CET4,
discard,丢弃， 抛弃， 遗弃,CET4,
discharge,释放， 排出； 卸货；释放， 放电,CET4,
discipline,纪律；训练；惩罚；学科；训练； 惩罚， 处罚,CET4,
disclose,揭示； 透露,CET4,
discount,折扣；将…打折扣； 不信； 漠视， 低估,CET4,
discourage,使泄气， 使灰心； 阻止， 劝阻,CET4,
discover,vt.发现；暴露，显示,CET4,
discovery,n.发现；被发现的事物,CET4,
discrimination,区别， 辨别； 识别力； 差别对待， 歧视,CET4,
discuss,vt.讨论，谈论；论述,CET4,
discussion,n.讨论，谈论；论述,CET4,
disease,病， 疾病； 不健全； 弊端,CET4,
disguise,假扮，化装，伪装；掩盖，掩饰；用来伪装的东西； 伪装， 掩饰,CET4,
disgust,厌恶， 憎恶,CET4,
dish,n.碟，盘子；菜肴,CET4,
dishonor,n.不光彩；丢脸的人,CET4,
disk,n.圆盘，唱片；磁盘,CET4,
dislike,vt.&n.不喜爱，厌恶,CET4,
dismiss,不再考虑； 解雇， 解散； 驳回,CET4,
disorder,混乱， 杂乱， 骚乱,CET4,
display,陈列， 展览， 显示,CET4,
displease,vt.使不愉快，使生气,CET4,
disposal,丢掉， 销毁； 处理； 排列， 布置,CET4,
dispose,处理， 解决； 使倾向于,CET4,
dispute,争论， 争执； 对…表示异议；争论,CET4,
dissatisfy,vi.使不满，使不平,CET4,
dissolve,溶解； 解散； 消失， 减弱； 结束,CET4,
distance,n.距离，间距；远处,CET4,
distant,a.在远处的，疏远的,CET4,
distinct,与其他不同的； 清楚的， 明显的,CET4,
distinction,差别， 不同， 区分,CET4,
distinguish,区别， 辨别， 识别； 使显出特色， 使杰出,CET4,
distraction,分心的事； 心烦意乱； 精神错乱； 娱乐， 消遣,CET4,
distress,忧虑， 痛苦， 悲伤； 不幸,CET4,
distribute,分发， 分送； 分布,CET4,
distribution,分发， 分配； 分布,CET4,
district,n.区；地区，区域,CET4,
disturb,打扰， 扰乱； 弄乱； 使不安,CET4,
ditch,沟， 沟渠， 渠道,CET4,
dive,跳水； 潜水；  俯冲,CET4,
diverse,不一样的， 相异的； 多种多样的,CET4,
diversity,多样性； 差异； 不同点,CET4,
divide,分，分开；分配，分享；除；产生分歧；分歧； 分界线， 分水岭,CET4,
division,分， 分配； 除法； 分歧； 分裂,CET4,
divorce,离婚； 分离， 脱离；离婚，离异,CET4,
do,aux.v. vt.做，干，办,CET4,
doctor,n.医生，医师；博士,CET4,
doctoral,博士的,CET4,
document,公文，文件；证件；用文件等证明,CET4,
dog,n.狗，犬，犬科动物,CET4,
dollar,n.元(货币单位),CET4,
domestic,本国的； 家庭的； 驯养的,CET4,
dominant,占优势的， 支配的， 统治的； 居高临下的， 高耸的,CET4,
dominate,拥有优势；在…中占首要地位；支配，统治，控制；耸立于，俯视,CET4,
donation,捐款， 捐赠物； 捐赠， 赠送,CET4,
donkey,驴； 笨蛋,CET4,
door,n.门，通道；一家,CET4,
dorm,宿舍,CET4,
dormitory,集体寝室， 宿舍,CET4,
dose,剂量， 用量， 一剂,CET4,
dot,点，圆点；打点于,CET4,
double,a.两倍的；双的,CET4,
doubt,n.怀疑；疑虑 vt.怀疑,CET4,
doubtful,难以预测的； 怀疑的,CET4,
down,ad.向下，在下面,CET4,
downstairs,ad.在楼下 a.楼下的,CET4,
downward,向下地；向下的,CET4,
dozen,n.一打，十二个,CET4,
draft,草稿；汇票；征兵；通风；起草； 征募,CET4,
drag,拖，拉；迫使，硬拉；拖着脚步走；累赘； 一吸， 一抽,CET4,
dragon,龙,CET4,
drain,排去，放水；耗竭； 排水沟， 排水管,CET4,
drama,戏剧， 剧本； 戏剧性事件,CET4,
dramatic,引人注目的， 激动人心的； 突然的,CET4,
draught,穿堂风，冷风；〔啤酒〕桶装的，散装的,CET4,
draw,vt.画，划；拖；拨出,CET4,
drawer,抽屉,CET4,
drawing,n.图画，素描；绘图,CET4,
dream,n.梦；梦想 vi.做梦,CET4,
dress,n.女服，童装；服装,CET4,
drift,漂流，漂泊；漂流； 大意， 主旨； 趋势,CET4,
drill,钻， 打； 训练；钻头；操练，训练,CET4,
drink,vt.饮 vi.喝 n.饮料,CET4,
drip,滴下，漏水；水滴； 滴水声,CET4,
drive,vt.驾驶；打入；驱,CET4,
driver,n.驾驶员，司机,CET4,
drop,vt.使落下；降低,CET4,
drown,vi.淹死，溺死,CET4,
drug,n.药，药物，药材,CET4,
drum,有节奏地敲击；鼓，鼓状物；圆桶,CET4,
drunk,醉的； 陶醉的,CET4,
dry,a.干的，干燥的,CET4,
duck,n.鸭，雌鸭；鸭肉,CET4,
due,a.预期的；应给的,CET4,
dull,乏味的， 单调的； 晦暗的， 阴沉的； 低沉的； 笨的； 钝的,CET4,
dumb,哑的； 无言的； 说不出话的,CET4,
dump,倾卸，倾倒；倾销；垃圾场,CET4,
durable,耐久的， 耐用的,CET4,
duration,持续， 持久,CET4,
during,prep.在…期间,CET4,
dusk,薄暮， 黄昏； 幽暗,CET4,
dust,n.尘土，灰尘,CET4,
duty,n.职责；责任；税,CET4,
dwelling,n.住处，寓所,CET4,
dye,染；染料； 染色,CET4,
dying,a.垂死的；临终的,CET4,
dynamic,有活力的；动力的；不断变化的；动力； 动力学,CET4,
each,pron.各，各自 a.各,CET4,
eager,a.渴望的，热切的,CET4,
eagle,鹰,CET4,
ear,n.耳朵；听力，听觉,CET4,
early,ad.早 a.早的，早期的,CET4,
earn,vt.赚得，挣得；获得,CET4,
earnest,认真的， 诚恳的,CET4,
earth,n.地球；陆地，地面,CET4,
earthquake,地震， 大震荡,CET4,
ease,容易；舒适；缓和,CET4,
easily,ad.容易地；舒适的,CET4,
east,n.东；东部 ad.在东方,CET4,
eastern,a.东方的；朝东的,CET4,
easy,a.容易的；安逸的,CET4,
eat,vt.吃，喝 vi.吃饭,CET4,
echo,重复， 模仿； 发出回声；回声；反响，共鸣,CET4,
economic,经济的，经济学的；经济学； 经济状况,CET4,
economical,节约的； 经济学的,CET4,
economy,经济； 节约， 节省,CET4,
edge,n.边缘，边；刀口,CET4,
edition,版， 版本， 版次,CET4,
editor,编辑， 编者， 校订者,CET4,
editorial,编辑的，主笔的，编者的；社论的，社论式的；社论， 重要评论,CET4,
educate,教育， 培养， 训练,CET4,
education,n.教育;训导;教育学,CET4,
effect,n.结果；效果，效力,CET4,
effective,有效的； 有影响的,CET4,
efficiency,效率； 功效， 效能,CET4,
efficient,效率高的； 有能力的,CET4,
effort,努力， 努力的成果,CET4,
egg,n.蛋，鸡蛋，卵,CET4,
eight,num.八，八个，第八,CET4,
eighteen,num.十八，十八个,CET4,
eighth,num.第八 n.八分之一,CET4,
eighty,num.八十，八十个,CET4,
either,pron.(两者)任何一个,CET4,
elaborate,复杂的； 精心制作的；详述， 详细制订,CET4,
elastic,有弹性的， 灵活的；松紧带,CET4,
elbow,肘，肘部；用肘部， 用肘挤,CET4,
elder,a.年龄较大的 n.长者,CET4,
elderly,较老的，年长的；到了晚年的人， 老年人,CET4,
elect,选举， 推选； 选择,CET4,
election,选举； 选择权； 当选,CET4,
elective,选举的，有选举权的；可任意选择的；选修课程,CET4,
electric,电的， 电动的,CET4,
electrical,电的， 电气科学的,CET4,
electricity,电,CET4,
electron,电子,CET4,
electronic,电子的；电子学； 电子设备,CET4,
electronics,n.电子学,CET4,
elegant,优美的， 文雅的， 讲究的； 简练的， 简洁的,CET4,
element,成分， 要素， 元素； 基础， 纲要； 自然力,CET4,
elementary,基本的， 初级的,CET4,
elephant,n.象,CET4,
elevator,电梯， 升降机,CET4,
eleven,num.十一，十一个,CET4,
eleventh,num.第十一(个),CET4,
eliminate,消灭， 消除， 排除； 淘汰,CET4,
elimination,n.消灭，排除，消除,CET4,
else,ad.其它，另外 a.别的,CET4,
elsewhere,在别处， 向别处,CET4,
embarrass,使窘迫， 使为难,CET4,
embassy,大使馆； 大使馆全体成员,CET4,
embrace,拥抱，怀抱；拥抱； 包括； 包围,CET4,
emerge,出现， 涌现， 冒出,CET4,
emergency,紧急情况， 突然事件,CET4,
emit,散发； 发射； 发表,CET4,
emotion,情感， 感情； 激动,CET4,
emotional,感情的， 情绪的,CET4,
emperor,皇帝,CET4,
emphasis,强调； 重点， 重要性,CET4,
emphasize,强调， 着重,CET4,
empire,帝国,CET4,
employ,vi.雇用；用；使忙于,CET4,
employee,受雇者， 雇员， 雇工,CET4,
employer,雇佣者， 雇主,CET4,
employment,工作； 雇用； 使用,CET4,
empower,授权于； 使能够,CET4,
empty,a.空的；空洞的,CET4,
enable,使能够， 使可能,CET4,
enclose,围住， 圈起； 附上； 把…装入信封,CET4,
encounter,遭遇，遇到；遭遇,CET4,
encourage,鼓励， 怂恿； 促进， 助长， 激发,CET4,
end,n.末端；目标 vt.结束,CET4,
ending,结尾， 结局； 死亡,CET4,
endless,无止境的,CET4,
endure,忍受， 容忍； 持久， 持续,CET4,
enemy,n.敌人；仇敌；敌兵,CET4,
energy,n.活力；精力；能,CET4,
enforce,实施， 执行； 强制， 强迫， 迫使,CET4,
engage,使从事； 聘用； 吸引； 占用； 使订婚,CET4,
engine,引擎， 发动机； 机车,CET4,
engineer,n.工程师，技师,CET4,
engineering,工程， 工程学,CET4,
england,n.英格兰；英国,CET4,
english,n.英语 a.英国人的,CET4,
englishman,n.英国男子,CET4,
enhance,提高， 增加， 加强,CET4,
enjoy,vt.享受；欣赏，喜爱,CET4,
enlarge,扩大， 扩展， 放大,CET4,
enormous,巨大的， 庞大的,CET4,
enough,a.足够的 ad.足够地,CET4,
enquire,询问,CET4,
enquiry,询问,CET4,
enroll,入学，加入；招收， 吸收,CET4,
ensure,保证； 保护,CET4,
enter,vt.走进，进入；参加,CET4,
entertain,使欢乐； 招待， 请客,CET4,
entertainment,娱乐， 文娱节目， 表演会； 招待， 款待， 请客,CET4,
enthusiasm,热情， 热心， 热忱； 巨大兴趣,CET4,
entire,全部的， 整个的,CET4,
entitle,给…权利； 给题名,CET4,
entrance,n.入口，门口；进入,CET4,
entry,入口处； 登记； 进入； 参赛者名单； 条目,CET4,
envelope,n.信封；封套；封皮,CET4,
environment,环境， 外界； 围绕,CET4,
envy,妒忌，羡慕；妒忌的对象；妒忌， 羡慕,CET4,
epidemic,流行性的；传染的；流行病； 传播,CET4,
episode,一个事件； 插曲， 片段； 连续剧的一集,CET4,
equal,a.相等的；平等的,CET4,
equality,等同， 平等， 相等,CET4,
equation,方程， 等式,CET4,
equip,装备， 配备； 使有准备,CET4,
equipment,n.装备，设备，配备,CET4,
equivalent,相等的，等量的；相等物， 等价物,CET4,
era,时代， 年代， 纪元,CET4,
erect,竖直的， 垂直的；建造；使竖立,CET4,
erroneous,错误的， 不正确的,CET4,
error,错误， 谬误， 差错,CET4,
escape,vi.逃跑；逸出 n.逃跑,CET4,
especially,ad.特别，尤其，格外,CET4,
essay,短文， 散文， 小品文,CET4,
essential,必要的；本质的；要素； 必需品,CET4,
establish,建立， 设立； 确立； 证实,CET4,
establishment,建立， 设立， 确立； 企业； 当权人物,CET4,
estate,土地， 住宅区， 地产； 财产， 遗产； 庄园， 种植园,CET4,
estimate,估计； 评价；估计； 评价， 看法,CET4,
europe,n.欧洲,CET4,
european,a.欧洲的 n.欧洲人,CET4,
evaluate,评价； 估…的价,CET4,
evaluation,评价； 估计,CET4,
evaporate,vt.使蒸发 vi.蒸发,CET4,
eve,前夜， 前夕， 前一刻,CET4,
even,ad.甚至；甚至更，还；a.均匀的；平的,CET4,
evening,n.傍晚，黄昏，晚上,CET4,
event,事件， 大事， 事变,CET4,
eventually,ad.终于；最后,CET4,
ever,ad.在任何时候；曾经,CET4,
every,a.每一的；每隔…的,CET4,
everybody,pron.每人，人人,CET4,
everyday,a.每天的，日常的,CET4,
everyone,pron.每人，人人,CET4,
everything,pron.每件事，事事,CET4,
everywhere,ad.到处，处处,CET4,
evidence,根据， 证据； 证人,CET4,
evident,明显的， 明白的,CET4,
evidently,明显地， 显然,CET4,
evil,坏的；邪恶，祸害,CET4,
evolution,进化， 演化， 发展,CET4,
evolve,使进化， 使发展,CET4,
exact,确切的，精确的；强求， 索取,CET4,
exactly,ad.确切地；恰恰正是,CET4,
exaggerate,夸大， 夸张,CET4,
exam,n.考试；检查，细查,CET4,
examination,n.考试；检/细查,CET4,
examine,vt.检查，仔细观察,CET4,
example,n.例子，实例；模范,CET4,
exceed,超过， 胜过， 超出,CET4,
exceedingly,极端地， 非常,CET4,
excellent,a.优秀的，杰出的,CET4,
except,prep.除…之外,CET4,
exception,例外， 除外,CET4,
excess,过量的， 额外的；超越； 过量， 过度,CET4,
excessive,过多的， 极度的,CET4,
exchange,交换； 交流； 兑换,CET4,
excite,vt.使激动；引起,CET4,
excitement,刺激， 激动， 兴奋； 令人兴奋的事， 刺激的因素,CET4,
exciting,a.令人兴奋的,CET4,
exclaim,呼喊， 惊叫,CET4,
exclude,把…排除在外,CET4,
exclusive,奢华的，高级的；独有的，独享的；排斥的，排他的；不包括…的，不把…计算在内的；独家新闻,CET4,
exclusively,ad.专门地,CET4,
excursion,远足， 短途旅行,CET4,
excuse,vt.原谅；免除 n.借口,CET4,
execute,将…处死； 实施， 执行,CET4,
executive,执行的；执行者,CET4,
exercise,n.锻炼，训练 vi.练习,CET4,
exert,尽； 运用,CET4,
exhaust,使筋疲力尽；用尽；详尽论述；排气装置； 废气,CET4,
exhibit,显示；陈列，展览；展览品,CET4,
exhibition,n.展览，陈列；展览会,CET4,
exist,vi.存在；生存，生活,CET4,
existence,存在， 实在， 生存,CET4,
exit,n.出口；退场 vi.退出,CET4,
expand,扩大， 使膨胀,CET4,
expansion,扩大， 扩充， 扩张， 膨胀,CET4,
expect,vt.预料，预期；等待,CET4,
expectation,期待， 期望， 预期； 前程， 成功的前景,CET4,
expense,花费， 消费； 费用， 开支； 业务费用,CET4,
expensive,a.昂贵的，花钱多的,CET4,
experience,n.经验，感受；经历,CET4,
experiment,n.实验；试验,CET4,
experimental,实验的， 试验的,CET4,
expert,熟练的；专家,CET4,
explain,vt.解释；为…辩解,CET4,
explanation,"n.解释,说明;辩解",CET4,
explode,爆炸； 激增； 发怒；使爆炸,CET4,
exploit,剥削； 利用； 开拓；业绩， 功绩,CET4,
explore,探险， 探索； 仔细查阅， 探究,CET4,
explosion,爆炸， 爆发， 炸裂； 激增， 扩大,CET4,
explosive,爆炸的； 极易引起争论的；炸药,CET4,
export,输出， 出口；输出， 出口； 输出品， 出口额,CET4,
expose,使接触； 揭露,CET4,
exposure,暴露， 揭露； 曝光,CET4,
express,vt.表示 n.快车，快递,CET4,
expression,词语； 表达； 表情,CET4,
extend,延长， 扩大； 提供， 给予； 伸展， 达到,CET4,
extension,延长部分， 伸展； 电话分机， 分机号码,CET4,
extensive,广阔的， 广泛的,CET4,
extent,广度； 范围； 程度,CET4,
exterior,外部的；对外的；外部， 外表,CET4,
external,外部的， 外面的,CET4,
extra,特别地；额外的；特别的；额外的事物， 额外费用,CET4,
extraordinary,非同寻常的， 特别的,CET4,
extreme,极度的；末端的；极端， 过分,CET4,
extremely,ad.极端，极其，非常,CET4,
eye,n.眼睛；眼力；鉴赏力,CET4,
eyesight,视力， 目力,CET4,
fable,n.寓言；虚构的故事,CET4,
fabric,织物， 纺织品； 结构,CET4,
face,n.脸；表面；外表,CET4,
facility,设备； 容易； 场所,CET4,
fact,n.事实；实际，实情,CET4,
factor,因素； 因子； 系数,CET4,
factory,n.工厂，制造厂,CET4,
faculty,才能， 能力； 系， 科； 全体教员,CET4,
fade,褪色；逐渐消失；凋谢；使褪色,CET4,
fahrenheit,n.华氏温度计,CET4,
fail,vi.失败；失灵；不能,CET4,
failure,失败， 失败的人； 失灵， 故障； 不履行,CET4,
faint,不清楚的，模糊的；晕倒，昏厥；昏厥,CET4,
fair,a.公平的；相当的；n.定期集市；博览会,CET4,
fairly,相当， 尚可， 还； 公平地,CET4,
fairy,小精灵， 小仙子,CET4,
faith,信任； 信心； 信仰， 信条； 忠诚,CET4,
faithful,忠诚的； 如实的； 尽职的,CET4,
fall,vi.落下；跌倒；陷落,CET4,
false,a.不真实的；伪造的,CET4,
fame,名声， 名望,CET4,
familiar,a.熟悉的；冒昧的,CET4,
family,n.家，家庭；家族,CET4,
famine,饥荒； 严重的缺乏,CET4,
famous,a.著名的，出名的,CET4,
fan,n.(运动等)狂热爱好者；n.扇子，风扇 vt.扇,CET4,
fancy,昂贵的； 别致的；想象力，设想；爱好；喜欢；想象，猜想,CET4,
fantastic,极好的， 极出色的， 了不起的； 极大的； 难以相信的； 异想天开的， 不实际的； 奇异的， 古怪的,CET4,
fantasy,想象， 幻想； 想象的产物,CET4,
far,a.远的 ad.远，遥远,CET4,
fare,进展；车费，船费，票价,CET4,
farewell,告别， 欢送会,CET4,
farm,n.农场，农庄；饲养场,CET4,
farmer,n.农民，农夫；农场主,CET4,
farther,ad.更远地 a.更远的,CET4,
fascinate,有吸引力， 迷人；迷住，强烈吸引,CET4,
fascinating,迷人的， 有极大吸引力的,CET4,
fashion,样子， 方式； 时尚； 流行款式,CET4,
fashionable,流行的， 时髦的,CET4,
fast,a.快的；偏快的 ad.快,CET4,
fasten,扎牢， 扣住,CET4,
fatal,致命的， 命运的； 重大的， 决定性的,CET4,
fate,命运， 天数,CET4,
father,n.父亲；神父；创始人,CET4,
father-in-law,n.岳父；公公,CET4,
fatigue,疲劳；疲劳，劳累,CET4,
fault,n.缺点；过失；故障,CET4,
faulty,有错误的， 有缺点的,CET4,
favour,好感；赞同；恩惠；赞同； 喜爱， 偏爱； 有利于,CET4,
favourable,有利的， 赞成的； 顺利的,CET4,
favourite,特别受喜爱的；特别受喜爱的人,CET4,
fear,n.害怕；担心 vt.害怕,CET4,
fearful,害怕的， 可怕的； 不安的， 忧虑的,CET4,
feasible,可行的， 可能的,CET4,
feather,羽毛， 翎毛,CET4,
feature,起重要作用；特征，特色；面貌；特写，专题节目；故事片；突出；由…主演,CET4,
february,n.二月,CET4,
federal,联邦的， 联盟的,CET4,
fee,费； 酬金， 赏金,CET4,
feed,vt.喂(养) vi.吃饲料,CET4,
feedback,回授， 反馈， 反应,CET4,
feel,vi.有知觉 vt.触，摸,CET4,
feeling,n.感情；感觉，知觉,CET4,
fellow,n.人，家伙；伙伴,CET4,
female,雌的； 女的；雌性动物；女子,CET4,
fence,n.栅栏,CET4,
fertile,肥沃的； 多产的； 丰富的,CET4,
fertilizer,肥料,CET4,
festival,节日； 音乐节,CET4,
fetch,vt.拿来；请来，接去,CET4,
fever,n.发热，发烧；狂热,CET4,
few,a.很少的；少数的,CET4,
fibre,纤维， 纤维质,CET4,
fiction,小说； 虚构， 杜撰,CET4,
field,n.田野；田；运动场,CET4,
fierce,凶猛的； 狂热的,CET4,
fifteen,num.十五；十五个,CET4,
fifth,num.第五 n.五分之一,CET4,
fifty,num.五十，五十个,CET4,
fight,vi.打(仗)；斗争,CET4,
figure,出现； 合乎情理； 计算； 认为， 猜想；数字；人物；算术；体形，体态；轮廓；画像，塑像；图，图形,CET4,
file,n.档案 vt.把…归档,CET4,
fill,vt.装满，盛满；占满,CET4,
film,n.影片；胶卷；薄层,CET4,
filter,过滤，透；走漏；滤纸， 过滤嘴,CET4,
final,a.最后的；决定性的,CET4,
finally,最后； 决定性地,CET4,
finance,筹措资金；财政，金融；财源，财务情况,CET4,
financial,财政的， 金融的,CET4,
find,vt.找到；发觉；找出,CET4,
finding,发现； 调查的结果； 裁决,CET4,
fine,a.美好的；纤细的；n.罚金，罚款,CET4,
finger,n.手指；指状物,CET4,
finish,vt.完成，结束 n.结束,CET4,
fire,n.火；火灾 vi.开火,CET4,
fireman,消防队员； 司炉工,CET4,
firm,n.商行，商号，公司,CET4,
first,num.第一 ad.最初,CET4,
fish,n.鱼，鱼肉 vi.钓鱼,CET4,
fisherman,渔民， 渔夫,CET4,
fist,n.拳(头),CET4,
fit,vt.适合；安装 vi.适合,CET4,
five,num.五，五个，第五,CET4,
fix,vt.使固定；决定,CET4,
flag,n.旗，旗帜；旗舰旗,CET4,
flame,火焰， 光辉； 热情,CET4,
flash,闪， 闪烁； 飞驰；闪光；闪光灯,CET4,
flat,平直地； 直截了当地；平的；固定的；漏气的；平淡的；沉闷的；浅的；一套房间，单元住宅,CET4,
flavour,n.味，味道；风味,CET4,
flee,逃走， 逃掉， 逃离； 避开， 逃避,CET4,
fleet,舰队， 船队,CET4,
flesh,肉， 肌肉， 肉体,CET4,
flexibility,灵活性， 机动性， 柔韧性,CET4,
flexible,易弯曲的， 灵活的,CET4,
flight,n.航班；飞行；逃跑,CET4,
float,浮动， 漂浮； 飘动,CET4,
flock,羊群， 群； 大量,CET4,
flood,淹没； 涌入；洪水；大量,CET4,
floor,n.地板；楼层,CET4,
flour,面粉； 粉， 粉状物质,CET4,
flourish,繁荣，茂盛，兴旺；挥动,CET4,
flow,vi.流动；飘垂；涨潮,CET4,
flower,n.花，花卉；开花,CET4,
flu,n.流行性感冒,CET4,
fluent,流利的， 流畅的,CET4,
fluid,流动的；流体，液体,CET4,
fly,n.蝇，苍蝇 vi.飞行,CET4,
focus,聚焦；集中；焦点； 中心,CET4,
fog,雾， 烟雾， 尘雾,CET4,
fold,折叠，合拢；褶， 折叠的部分,CET4,
folk,人们； 家属， 亲属； 大伙儿， 各位,CET4,
follow,vt.跟随；结果是,CET4,
following,接着的，下列的；一批追随者,CET4,
fond,a.喜爱的；溺爱的,CET4,
food,n.食物，食品，养料,CET4,
fool,n.蠢人，傻子 vt.欺骗,CET4,
foolish,a.愚蠢的；鲁莽的,CET4,
foot,n.脚；最下部；英尺,CET4,
football,n.足球比赛；足球,CET4,
footstep,脚步， 脚步声， 足迹,CET4,
for,prep.为；给；因为,CET4,
forbid,禁止， 不许， 阻止,CET4,
force,强迫；用力推动，用力打开；军队， 兵力； 暴力， 武力； 力， 力气； 影响力， 效力,CET4,
forecast,预测， 预报；预测，预报,CET4,
forehead,额头； 前部,CET4,
foreign,a.外国的；外来的,CET4,
foreigner,n.外国人,CET4,
forest,n.森林；森林地带,CET4,
forever,ad.永远，总是，老是,CET4,
forge,打制， 锻造； 伪造,CET4,
forget,vt.忘记，遗忘,CET4,
forgive,vt.原谅，饶恕，宽恕,CET4,
fork,n.餐叉；叉；分叉,CET4,
form,n.形式；形状 vt.形成,CET4,
formal,正式的， 礼仪上的,CET4,
format,设计，安排；格式，样式，版式；使格式化,CET4,
formation,形成， 构成， 形成物； 队形， 排列,CET4,
former,在前的；前者,CET4,
formula,公式， 方程式； 原则， 方案； 配方,CET4,
forth,向前； 向外， 往外,CET4,
fortnight,两星期， 十四天,CET4,
fortunate,a.幸运的，侥幸的,CET4,
fortunately,幸运地； 幸亏,CET4,
fortune,n.命运，运气；财产,CET4,
forty,num.四十，第四十,CET4,
forward,ad.向前；今后，往后,CET4,
found,vt.创立，创办；建立,CET4,
foundation,基础；,CET4,
fountain,泉水； 喷泉； 源泉,CET4,
four,num.四，四个，第四,CET4,
fourfold,四倍， 四重；四倍的，四重的,CET4,
fourteen,num.十四，第十四,CET4,
fourth,num.第四，四分之一,CET4,
fox,n.狐狸；狡猾的人,CET4,
fraction,小部分； 片断； 分数,CET4,
fragment,成碎片；碎片，破片，碎块,CET4,
frame,框架，框子，构架；给…镶框； 陷害， 诬告； 制定； 表达,CET4,
framework,框架， 结构； 准则； 体系,CET4,
france,n.法国，法兰西,CET4,
frank,坦白的， 直率的,CET4,
free,a.自由的；空闲的,CET4,
freedom,n.自由；自主,CET4,
freely,ad.自由地；直率地,CET4,
freeze,vi.冻；结冻 vt.使结冰,CET4,
freight,货运；货物；运费；运送,CET4,
french,a.法国的 n.法国人,CET4,
frequency,屡次； 次数， 频率,CET4,
frequent,时常发生的，常见的；常到， 常去,CET4,
frequently,ad.时常，常常,CET4,
fresh,a.新的；新鲜的,CET4,
friday,n.星期五,CET4,
fridge,n.电冰箱,CET4,
friend,n.朋友，友人,CET4,
friendly,a.友好的，友谊的,CET4,
friendship,n.友谊，友好,CET4,
frighten,vt.使惊恐，吓唬,CET4,
frog,蛙,CET4,
from,prep.从…来；离开,CET4,
front,a.前面的 n.前部,CET4,
frontier,边境， 边疆； 新领域,CET4,
frost,结霜；冰冻，严寒；霜,CET4,
frown,皱眉， 蹙额,CET4,
fruit,n.水果；果实；成果,CET4,
fruitful,多产的， 肥沃的,CET4,
frustrate,使沮丧， 使灰心； 挫败， 使受挫折,CET4,
fry,油煎， 油炸， 油炒,CET4,
fuel,加燃料； 加油；燃料，燃料剂；给…加燃料；刺激,CET4,
fulfil,履行， 实现， 完成； 满足， 使满意,CET4,
fulfill,履行， 实现， 完成； 满足， 使满意,CET4,
full,a.满的；完全的,CET4,
fun,n.乐趣，娱乐；玩笑,CET4,
function,运作， 运行；功能；职务，职责,CET4,
fund,资金，基金；存款；为…提供资金,CET4,
fundamental,基础的，基本的；基本原则,CET4,
funeral,葬礼， 丧礼， 丧葬,CET4,
funny,a.古怪的；滑稽的,CET4,
fur,软毛， 毛皮， 裘皮； 毛皮衣服,CET4,
furnace,炉子， 熔炉， 鼓风炉,CET4,
furnish,供应， 提供； 装备,CET4,
furniture,家具,CET4,
further,ad.更远地 a.更远的,CET4,
furthermore,而且， 此外,CET4,
fuss,忙乱； 大惊小怪， 小题大做； 烦恼， 过于忧虑,CET4,
future,n.将来，未来；前途,CET4,
gain,vt.获得；增加 n.增进,CET4,
gallery,画廊， 美术馆； 楼座； 旁听席； 回廊， 走廊,CET4,
gallon,加仑,CET4,
game,n.游戏；比赛；猎物,CET4,
gang,聚集， 结成一伙；一帮，一伙,CET4,
gaol,监禁；监狱,CET4,
gap,缺口； 间隔； 差距； 缺陷,CET4,
garage,n.车库；加油站,CET4,
garbage,垃圾， 废物； 废话； 无用的资料,CET4,
garden,n.花园，菜园；公园,CET4,
gardener,园丁， 花匠,CET4,
garlic,大蒜,CET4,
gas,n.煤气；气体；汽油,CET4,
gaseous,a.气体的，气态的,CET4,
gasoline,汽油,CET4,
gate,n.大门；篱笆门,CET4,
gather,vi.聚集；集合 vt.收集,CET4,
gay,a.快乐的；鲜明的,CET4,
gaze,凝视， 盯， 注视,CET4,
gear,齿轮，传动装置，排挡；用具，设备；衣服；使适应， 使适合,CET4,
gene,基因,CET4,
general,a.总的；一般的 n.将军,CET4,
generally,一般地， 通常地； 普遍地,CET4,
generate,发生， 引起； 生殖,CET4,
generation,n.一代(人)；产生,CET4,
generator,发电机； 发生器,CET4,
generic,【生物】 属的， 类的； 一般的， 普通的,CET4,
generous,慷慨的； 宽厚的； 大量的,CET4,
genius,天才， 天赋， 天资； 天才人物,CET4,
gentle,a.和蔼的；轻柔的,CET4,
gentleman,n.绅士；有教养的人,CET4,
gently,ad.有礼貌地；柔和地,CET4,
genuine,真的， 真正的； 真诚的,CET4,
geography,n.地理，地理学,CET4,
geometry,几何， 几何学,CET4,
germ,微生物， 细菌； 幼芽,CET4,
german,a.德国的 n.德国人,CET4,
germany,n.德意志，德国,CET4,
gesture,做手势；姿势，手势，姿态,CET4,
get,vi.变得，成为；到达,CET4,
ghost,鬼， 灵魂， 鬼魂,CET4,
giant,巨大的；巨人，巨物；才智超群的人,CET4,
gift,n.礼物，赠品；天赋,CET4,
girl,n.女孩子，姑娘；女儿,CET4,
give,vt.做，作；送给,CET4,
given,规定的，特定的；假设的；已知的；有癖好的，有倾向的；考虑到,CET4,
glad,a.高兴的；乐意的,CET4,
glance,看一下；一瞥；用扫视； 反射,CET4,
glass,n.玻璃；玻璃杯,CET4,
glimpse,看一眼，一瞥；瞥见；一瞥， 一看,CET4,
global,全球的， 全世界的； 总的， 完整的,CET4,
globe,地球， 世界； 地球仪； 球体,CET4,
glorious,光荣的； 壮丽的； 令人愉快的,CET4,
glory,光荣， 荣誉的事； 美丽,CET4,
glove,手套,CET4,
glow,发白热光；白热光；脸红；激情,CET4,
glue,胶，胶水；胶合,CET4,
go,vi.去；走；变为,CET4,
goal,n.球门；得分；目的,CET4,
goat,n.山羊,CET4,
god,n.神，神像；上帝,CET4,
gold,n.金；钱财 a.金制的,CET4,
golden,a.金色的；极好的,CET4,
golf,高尔夫球运动,CET4,
good,a.好的；有本事的,CET4,
goodbye,int.再见，再会,CET4,
goodness,天哪；善良， 美德， 好意,CET4,
goods,n.货物，商品,CET4,
goose,n.鹅，雌鹅,CET4,
govern,居支配地位， 占优势；统治，治理，支配,CET4,
government,n.政府；治理；政治,CET4,
governor,州长； 主管人员； 理事， 董事,CET4,
grab,抓取，攫取；赶紧做；抓住；抓，夺；抓， 夺,CET4,
grace,优美，优雅；风度，魅力；宽限，缓期；使优美,CET4,
graceful,优美的， 优雅的； 得体的,CET4,
grade,vt.给…分等级 n.等级,CET4,
gradual,逐渐的， 渐进的； 坡度平缓的,CET4,
gradually,ad.逐渐地，逐步地,CET4,
graduate,研究生的；毕业；毕业生；研究生,CET4,
grain,谷物， 谷粒； 颗粒； 少量， 微量,CET4,
gram,克,CET4,
grammar,语法； 语法书,CET4,
grammatical,a.语法上的,CET4,
gramme,gram的英式拼法,CET4,
grand,宏伟的； 重大的； 傲慢的； 派头大的； 绝佳的； 全部的,CET4,
granddaughter,n.孙女，外孙女,CET4,
grandfather,n.祖父；外祖父,CET4,
grandmother,n.祖母，外祖母,CET4,
grandson,n.孙子，外孙子,CET4,
grant,授予物；补助金；授予， 给予； 同意,CET4,
grape,葡萄， 葡萄藤,CET4,
graph,图， 图表,CET4,
grasp,抓紧，握紧；理解；抓； 理解,CET4,
grass,n.草；牧草；草地,CET4,
grateful,感激的； 令人愉快的,CET4,
gratitude,感激， 感谢， 感恩,CET4,
grave,严重的； 严肃的；坟墓,CET4,
gravity,重力， 引力； 严重性； 严肃， 庄重,CET4,
gray,a.灰色的 n.灰色,CET4,
great,a.大的；伟大的,CET4,
greatly,ad.大大地，非常,CET4,
greedy,贪吃的； 贪婪的； 渴望的,CET4,
greek,a.希腊的 n.希腊人,CET4,
green,a.绿色的 n.绿色,CET4,
greenhouse,温室， 暖房,CET4,
greet,vt.问候，招呼；反应,CET4,
greeting,n.问候，招呼，致敬,CET4,
grey,a.灰色的 n.灰色,CET4,
grind,磨， 磨快,CET4,
grip,握紧，抓牢；吸引住；紧握,CET4,
grocer,食品商， 杂货商,CET4,
grocery,n.食品杂货店,CET4,
gross,总的； 严重的； 粗俗的； 臃肿的,CET4,
ground,n.地；场地；根据,CET4,
group,n.小组，群 vi.聚集,CET4,
grow,vi.生长；变得；增长,CET4,
growth,增长， 增长量； 生长， 生长物,CET4,
guarantee,保证；保证书；担保物；保证， 担保,CET4,
guard,vt.守卫；看守 n.卫兵,CET4,
guess,vt.&vi.&n.猜测，推测,CET4,
guest,n.客人，宾客；旅客,CET4,
guidance,引导， 指导， 领导,CET4,
guide,n.导游者 vt.给…导游,CET4,
guideline,指导方针， 准则,CET4,
guilty,内疚的； 有罪的,CET4,
guitar,吉他， 六弦琴,CET4,
gulf,海湾； 巨大的分歧,CET4,
gum,口香糖； 树胶,CET4,
gun,n.枪，炮，手枪,CET4,
gunpowder,n.黑色火药；有烟火药,CET4,
guy,家伙， 伙计,CET4,
gym,体育馆； 健身房,CET4,
gymnasium,体育馆， 健身房,CET4,
habit,n.习惯；习性,CET4,
habitual,a.习惯性的，惯常的,CET4,
hair,n.头发，毛发；毛,CET4,
haircut,n.理发,CET4,
half,n.半，一半 a.一半的,CET4,
halfway,半路地； 在中途， 在半途；中途的；部分的；不彻底的,CET4,
hall,n.门厅；过道；会堂,CET4,
halt,停止，立定；停住,CET4,
hamburger,n.汉堡包，牛肉饼,CET4,
hammer,锤击；锤，榔头,CET4,
hand,n.手；人手；指针,CET4,
handbag,手提包,CET4,
handful,一把， 少数， 一小撮,CET4,
handkerchief,n.手帕,CET4,
handle,柄，把手；拿， 触； 操作， 处理,CET4,
handsome,a.英俊的；相当大的,CET4,
handwriting,笔迹， 手迹； 书法,CET4,
handy,手边的， 便于使用的,CET4,
hang,vt.挂，悬；吊死,CET4,
happen,发生； 碰巧， 恰好,CET4,
happiness,n.幸福，幸运；快乐,CET4,
happy,a.快乐的；幸福的,CET4,
harbour,海港，港口；庇护； 心怀,CET4,
hard,a.硬的；困难的,CET4,
harden,变硬； 变得坚强,CET4,
hardly,ad.几乎不，简直不,CET4,
hardship,艰难， 困苦,CET4,
hardware,五金器具； 硬件,CET4,
hare,n.野兔,CET4,
harm,伤害， 损害,CET4,
harmful,a.有害的,CET4,
harmony,调和， 协调， 和谐,CET4,
harness,治理；给上挽具；马具， 挽具,CET4,
harsh,严厉的； 粗糙的,CET4,
harvest,n.收获，收成 vt.收割,CET4,
haste,急速， 急忙； 草率,CET4,
hasten,vt.催促 vi.赶紧,CET4,
hat,n.帽子(一般指有边的),CET4,
hate,vt.恨，憎恨；不喜欢,CET4,
hateful,a.可恨的，可恶的,CET4,
hatred,憎恶， 憎恨， 仇恨,CET4,
have,v.aux.已经 vt.有；吃,CET4,
hay,干草,CET4,
hazard,危险；公害；尝试着做； 冒…风险,CET4,
he,pron.(主格)他,CET4,
head,n.头；上端 vt.率领,CET4,
headache,n.头痛；头痛的事,CET4,
heading,标题， 题词， 题名； 新闻提要,CET4,
headline,大字标题； 新闻提要,CET4,
headmaster,n.校长,CET4,
headquarters,司令部， 总部,CET4,
heal,愈合， 痊愈， 恢复健康；使愈合，治愈，使康复；调停，消除,CET4,
health,n.健康，健康状况,CET4,
healthy,a.健康的；有益健康的,CET4,
heap,堆， 大量,CET4,
hear,vt.听见；审讯；听说,CET4,
hearing,听力， 听觉； 听力所及之距离； 意见听取会； 申辩的机会,CET4,
heart,n.心，内心；勇气,CET4,
heat,n.热，炎热 vi.变热,CET4,
heating,n.加热，供暖,CET4,
heave,起伏，隆起；呕吐，恶心；举起，提起，拉起，拖；扔；发出；举起； 起伏， 升降,CET4,
heaven,n.天堂；天，天空,CET4,
heavily,ad.重重地；大量地,CET4,
heavy,a.重的；大的；充满的,CET4,
hedge,用篱笆围； 避免直接回答；篱笆，树篱；障碍物,CET4,
heel,脚后跟， 踵； 后跟,CET4,
height,n.高，高度；高处,CET4,
helicopter,直升机,CET4,
hell,地狱； 极大的痛苦,CET4,
hello,int.喂,CET4,
helmet,n.头盔，钢盔,CET4,
help,vt.帮助；援助 n.帮手,CET4,
helpful,给予帮助的； 有用的,CET4,
helpless,无助的； 无能的； 无法抗拒的,CET4,
hen,母鸡， 雌禽,CET4,
hence,因此， 所以； 今后,CET4,
her,pron.(宾格)她；她的,CET4,
herd,兽群，牧群；放牧,CET4,
here,ad.这里；向这里,CET4,
hero,n.男主角；英雄；勇士,CET4,
heroic,英雄的； 英勇的,CET4,
heroine,n.女主角；女英雄,CET4,
hers,pron.她的(所有物),CET4,
herself,pron.她自己；她亲自,CET4,
hesitant,犹豫的； 吞吞吐吐的,CET4,
hesitate,犹豫， 踌躇； 含糊； 不情愿,CET4,
heterogeneity,异种， 异质， 不同成分,CET4,
hi,ini.嗨(表示问候等),CET4,
hide,vt.把…藏起来；隐瞒,CET4,
high,a.高的；高级的 ad.高,CET4,
highlight,强调，突出，使显著；最精彩的部分； 最重要的事件,CET4,
highly,高度地， 极， 非常赞许地,CET4,
highway,公路， 大路,CET4,
hill,n.小山，山岗；丘陵,CET4,
hillside,n.(小山)山腰，山坡,CET4,
him,pron.(宾格)他,CET4,
himself,pron.他自己；他亲自,CET4,
hint,暗示， 示意；暗示，示意；细微的迹象；建议,CET4,
hip,臀部， 髋部,CET4,
hire,租用； 雇用,CET4,
his,pron.他的，他的东西,CET4,
historic,历史上著名的， 具有重大历史意义的,CET4,
historical,历史的， 有关历史的,CET4,
history,n.历史；个人经历,CET4,
hit,vt.打；碰撞 n.击,CET4,
hobby,业余爱好， 癖好,CET4,
hold,vt.拿住；掌握；拥有,CET4,
hole,n.洞；孔眼，裂开处,CET4,
holiday,n.假日，节日；假期,CET4,
hollow,空的， 空洞的； 沉闷的； 虚伪的,CET4,
holy,神圣的， 圣洁的， 虔诚的,CET4,
home,n.家；家乡 a.家庭的,CET4,
homogeneous,同种类的， 同性质的， 有相同特征的,CET4,
honest,a.诚实的；可敬的,CET4,
honesty,n.诚实，正直,CET4,
honey,蜜， 蜂蜜； 甜， 甜蜜； [常用于称呼] 宝贝儿,CET4,
honeymoon,n.蜜月,CET4,
honour,n.光荣；尊敬，敬意,CET4,
honourable,光荣的； 可敬的； 正直的,CET4,
hook,钩住；钩，挂钩,CET4,
hope,n.&vt.&vi.希望,CET4,
hopeful,有希望的,CET4,
hopeless,没有希望的， 绝望的,CET4,
horizon,地平线； 眼界， 见识,CET4,
horizontal,地平的， 水平的,CET4,
horn,角； 号角； 警报器,CET4,
horrible,令人恐惧的， 可怕的； 骇人听闻的； 极讨厌的， 使人不愉快的； 糟透的,CET4,
horror,恐怖； 憎恶； 令人恐怖的事物,CET4,
horse,n.马；马科动物,CET4,
horsepower,马力,CET4,
hospital,n.医院,CET4,
hospitalize,就医,CET4,
host,n.主人；东道主,CET4,
hostess,n.女主人；空姐,CET4,
hostile,敌方的； 不友善的,CET4,
hot,a.热的；刺激的；辣的,CET4,
hotel,n.旅馆,CET4,
hour,n.小时；时间，时刻,CET4,
house,n.房屋，住宅；商号,CET4,
household,家庭的； 家喻户晓的；家庭，户；家务,CET4,
housewife,n.家庭主妇,CET4,
housing,房屋， 住宅； 住房建筑， 住房供给； 外壳， 外罩,CET4,
how,ad.怎么；怎样；多少,CET4,
however,ad.然而；不管怎样,CET4,
huge,a.巨大的，庞大的,CET4,
human,a.人的，人类的 n.人,CET4,
humble,谦逊的； 地位低下的； 简陋的,CET4,
humid,a.湿的，湿气重的,CET4,
humorous,幽默的， 诙谐的,CET4,
humour,幽默， 诙谐， 幽默感,CET4,
hundred,"[ˈhʌndrid], num.百，百个 n.许多",CET4,
hunger,n.饿，饥饿；渴望,CET4,
hungry,a.饥饿的；渴望的,CET4,
hunt,打猎； 搜寻； 驱逐,CET4,
hurry,vi.赶紧 vt.催促,CET4,
hurt,vt.使受伤；使痛心,CET4,
husband,n.丈夫,CET4,
hut,小屋， 棚屋,CET4,
hydrogen,氢,CET4,
i,pron.(主格)我,CET4,
ice,n.冰，冰块 vt.冰镇,CET4,
ice-cream,n.冰淇淋,CET4,
idea,n.想法；思想；意见,CET4,
ideal,理想的；观念的；空想的；理想； 理想的东西,CET4,
identical,完全相同的， 同一的,CET4,
identify,一致；认出，鉴定；把…等同于,CET4,
identity,身份； 个性， 特性； 同一性， 一致性,CET4,
idle,空闲的，懒散的；无用的；虚度， 无所事事,CET4,
if,conj.假如，如果,CET4,
ignorance,无知， 愚昧,CET4,
ignorant,不知道的， 无知的,CET4,
ignore,不顾， 不理， 忽视,CET4,
ill,a.有病的；坏的 ad.坏,CET4,
illegal,不合法的， 非法的,CET4,
illness,n.病，疾病,CET4,
illustrate,说明,CET4,
illustration,说明， 图解， 例证,CET4,
image,像； 形象； 映像； 形象的描述,CET4,
imaginary,想象中的， 假想的,CET4,
imagination,想象， 想象力， 空想； 想象出,CET4,
imagine,vt.想象，设想；料想,CET4,
imitate,模仿， 仿效， 仿制,CET4,
immediate,a.立即的；直接的,CET4,
immediately,立即， 马上； 直接地， 紧接地,CET4,
immense,巨大的； 极好的,CET4,
immigrant,移民， 侨民,CET4,
impact,影响， 作用， 冲击,CET4,
impatient,不耐烦的， 急躁的,CET4,
implement,工具， 器具， 用具；使生效， 履行， 实施,CET4,
implication,含意， 暗示， 暗指； 卷入， 牵连,CET4,
imply,暗示， 意指,CET4,
import,输入， 进口；输入， 进口； 进口商品； 意义， 重要性,CET4,
importance,n.重要；重要性,CET4,
important,a.重要的；有势力的,CET4,
impose,利用， 占便宜； 欺骗；把…强加于；征,CET4,
impossible,a.不可能的，办不到的,CET4,
impress,给人印象，引人注目；给…深刻印象；印，压印；印记； 特征,CET4,
impression,印象； 印记,CET4,
impressive,给人深刻印象的,CET4,
imprison,vt.关押，监禁；限制,CET4,
improve,变得更好； 改善； 提高,CET4,
improvement,改进， 改善； 改进处,CET4,
in,prep.在…里 ad.进，入,CET4,
inch,n.英寸,CET4,
incident,发生的事， 事件,CET4,
incline,倾斜； 弯； 倾向于；斜坡,CET4,
include,包括， 包含,CET4,
income,n.收入；收益；进款,CET4,
incorrect,a.不正确的，错误的,CET4,
increase,vt.&vi.&n.增加,CET4,
increasingly,日益， 越来越多地,CET4,
incredible,不能相信的， 不可信的； 难以置信的， 不可思议的； 惊人的,CET4,
indeed,ad.真正地；确实,CET4,
independence,独立， 自主， 自立,CET4,
independent,独立的， 自主的； 无偏见的； 不相关联的,CET4,
index,索引； 指数， 指标,CET4,
india,n.印度,CET4,
indian,a.印度的 n.印度人,CET4,
indicate,标示， 表示， 表明,CET4,
indication,指示， 表示， 表明； 象征， 迹象,CET4,
indifferent,冷漠的， 不积极的； 一般的， 平平的,CET4,
indirect,间接的， 婉转的,CET4,
indispensable,必不可少的， 必需的,CET4,
individual,个别的；独特的；个人， 个体,CET4,
indoor,在室内， 在户内；室内的,CET4,
indoors,ad.在室内，在屋里,CET4,
industrial,工业的， 产业的,CET4,
industrialize,工业化,CET4,
industry,n.工业，产业；勤劳,CET4,
inefficient,a.效率低的，无能的,CET4,
inevitable,不可避免的， 必然的,CET4,
inexpensive,"a.花费不多的,廉价的",CET4,
infant,婴儿的； 幼稚的；婴儿,CET4,
infect,传染， 感染； 影响,CET4,
infer,推论， 推断； 猜想,CET4,
inference,推断结果， 结论； 推论， 推理， 推断,CET4,
inferior,下等的，劣等的；次于…的；下级， 下属,CET4,
infinite,无限的； 无穷的,CET4,
inflation,通货膨胀； 膨胀,CET4,
influence,影响，作用；影响力，势力；产生影响力的人；影响,CET4,
influential,有影响的； 有权势的,CET4,
inform,告发， 告密；通知；报告,CET4,
information,n.消息，信息；通知,CET4,
ingredient,组成部分， 成分； 原料； 要素， 因素,CET4,
inhabitant,居民， 住户,CET4,
inherit,成为继承人；继承,CET4,
initial,最初的，开始的；首字母,CET4,
initiative,主动性； 首创精神； 主动的行动， 倡议； 主动权,CET4,
injection,注射， 注入； 充满,CET4,
injure,伤害， 损害， 使遭受损伤,CET4,
injury,损害， 伤害； 受伤处,CET4,
ink,n.墨水，油墨,CET4,
inn,小旅店， 小酒店,CET4,
inner,内部的； 内心的,CET4,
innocent,清白的； 幼稚的； 没有恶意的,CET4,
innovative,创新的， 革新的,CET4,
input,输入；投入的资金；输入的数据；把…输入计算机,CET4,
inquire,打听， 询问； 调查,CET4,
inquiry,询问， 打听； 调查,CET4,
insect,昆虫， 虫,CET4,
insert,插入， 嵌入； 登载,CET4,
inside,prep.在…里面 n.内部,CET4,
insight,洞察力； 洞悉； 深刻见解,CET4,
insist,坚持， 坚决认为； 坚持要求,CET4,
inspect,进行检查； 进行视察；检查，审查；检阅,CET4,
inspection,n.检查，审查；检阅,CET4,
inspire,吸气； 赋予灵感；鼓舞，给…以灵感,CET4,
install,安装， 设置； 使就职， 任命,CET4,
installation,安装； 装置， 设施； 就任， 就职,CET4,
instance,例子， 实例， 事例,CET4,
instant,立即的； 紧急的； 可以速食的；瞬间,CET4,
instantly,ad.立即，即刻,CET4,
instead,作为替代； 却， 反而,CET4,
instinct,本能， 天性； 直觉,CET4,
institute,研究所，学院；建立， 设立,CET4,
institution,协会； 制度， 习俗,CET4,
instruct,指示， 命令； 通知； 教授， 训练,CET4,
instruction,命令， 指示； 用法说明； 教学， 教导,CET4,
instrument,仪器， 工具； 乐器,CET4,
insufficient,a.不足的;不适当的,CET4,
insult,侮辱， 凌辱；侮辱， 凌辱,CET4,
insurance,保险， 保险费,CET4,
insure,为…投保； 确保,CET4,
integrate,成为一体， 合并,CET4,
integration,综合,CET4,
intellectual,智力的；知识分子,CET4,
intelligence,智力； 理解力； 情报,CET4,
intelligent,聪明的， 理智的,CET4,
intend,想要， 打算； 意思是； 打算使,CET4,
intense,强烈的； 紧张的； 认真的； 热情的,CET4,
intensity,强烈， 剧烈； 强度,CET4,
intensive,加强的； 精深的， 透彻的； 精耕细作的,CET4,
intention,意图， 意向， 目的,CET4,
intentional,a.故意的，有意识的,CET4,
interaction,相互作用， 干扰,CET4,
interest,兴趣；利益，利害关系；利息；使感兴趣,CET4,
interesting,a.有趣的，引人入胜的,CET4,
interfere,干涉， 干预， 妨碍,CET4,
interference,干涉， 干预， 阻碍,CET4,
interior,内部的；内地的；内部,CET4,
intermediate,中间的； 中级的,CET4,
internal,内的； 国内的； 内心的,CET4,
international,a.国际的，世界(性)的,CET4,
internship,实习生身份； 实习医师期,CET4,
interpret,解释， 说明； 口译,CET4,
interpretation,解释； 口译； 艺术处理,CET4,
interpreter,n.译员，口译者,CET4,
interrupt,打断， 打扰， 中断,CET4,
interruption,n.中断，打断；障碍物,CET4,
interval,间隔， 间距； 幕间休息,CET4,
intervene,干涉， 调停， 干预； 插入， 介入； 干扰， 打扰,CET4,
interview,接见， 会见； 面谈， 面试； 采访,CET4,
intimate,亲密的；个人的；至交， 密友；暗示， 提示,CET4,
into,prep.进，入；进入到,CET4,
introduce,vt.介绍；引进，传入,CET4,
introduction,介绍， 引进； 引言,CET4,
invade,入侵， 侵略， 侵袭,CET4,
invasion,入侵， 侵略， 侵犯,CET4,
invent,发明， 创造； 捏造,CET4,
invention,发明， 创造； 捏造,CET4,
inventor,n.发明者；发明家,CET4,
invest,投资， 投入； 授予,CET4,
investigate,调查， 研究,CET4,
investigation,n.调查，调查研究,CET4,
investment,投资， 投资额； 投入,CET4,
invincible,不能征服的， 无敌的,CET4,
invisible,看不见的， 无形的,CET4,
invitation,邀请， 招待； 请柬； 吸引， 诱惑,CET4,
invite,vt.邀请，聘请；招待,CET4,
involve,使卷入， 牵涉； 包含， 含有,CET4,
involvement,连累； 包含,CET4,
inward,向内；里面的；内心的,CET4,
iron,n.铁；烙铁 vt.烫(衣),CET4,
irregular,a.不规则的；不整齐的,CET4,
island,n.岛，岛屿,CET4,
isolate,使隔离， 使孤立,CET4,
issue,发行， 分发， 发出；问题；发行，分发,CET4,
it,pron.这，那，它,CET4,
italian,a.意大利的 n.意大利人,CET4,
item,条， 条款， 一条,CET4,
its,pron.它的,CET4,
itself,pron.它自己；自身,CET4,
jacket,n.短上衣，茄克衫,CET4,
jail,监狱，看守所；监禁， 拘留； 塞满； 卡住； 干扰,CET4,
jam,n.果酱；vt.使塞满；使堵塞,CET4,
january,n.一月,CET4,
japan,n.日本，日本国,CET4,
japanese,a.日本的 n.日本人,CET4,
jar,感到不快； 震动， 摇动；罐子，坛子，广口瓶,CET4,
jaw,颌， 颚,CET4,
jazz,爵士音乐， 爵士舞曲,CET4,
jealous,妒忌的， 猜疑的； 精心守护的,CET4,
jeans,工装裤， 牛仔裤,CET4,
jet,乘喷气式飞机；喷气式飞机；喷嘴；喷射,CET4,
jewel,宝石； 宝石饰物,CET4,
jewish,a.犹太人的,CET4,
job,n.职业；工作；零活,CET4,
join,vt.参加；连接,CET4,
joint,连接的； 共同的；接头，接缝；关节,CET4,
joke,n.笑话 vi.说笑话,CET4,
jolly,a.快活的；令人高兴的,CET4,
journal,日报， 杂志， 日志,CET4,
journalist,新闻工作者， 新闻记者,CET4,
journey,旅行；旅行，旅程,CET4,
joy,n.欢乐，喜悦；乐事,CET4,
joyful,a.十分喜悦的，快乐的,CET4,
judge,n.法官；裁判员,CET4,
judgement,意见； 审判； 判断,CET4,
juice,n.(水果等)汁，液,CET4,
july,n.七月,CET4,
jump,vi.跳；暴涨 vt.跳过,CET4,
june,n.六月,CET4,
jungle,丛林， 密林， 莽丛； 乱七八糟的一堆,CET4,
junior,年少的；资历较浅的；晚辈； 三年级学生,CET4,
jury,陪审团； 评奖团,CET4,
just,ad.刚才；只是；正好,CET4,
justice,正义， 公正； 司法,CET4,
justify,证明…是正当的,CET4,
keen,热心的； 激烈的； 敏锐的， 敏捷的,CET4,
keep,vi.保持；坚持,CET4,
keeper,n.看护人；饲养员,CET4,
kettle,水壶,CET4,
key,n.钥匙；键；答案,CET4,
keyboard,键盘,CET4,
kick,vi.&vt.&n.踢,CET4,
kid,戏弄， 开玩笑；小孩；年轻人,CET4,
kill,vi.杀死；扼杀；消磨,CET4,
kilogram,n.千克，公斤,CET4,
kilometer,n.千米，公里,CET4,
kind,n.种类；a.友好的；和蔼的,CET4,
kindergarten,幼儿园,CET4,
kindness,仁慈， 好意,CET4,
king,n.国王，君主,CET4,
kingdom,王国； 领域； 界,CET4,
kiss,vt.吻 vi.接吻 n.吻,CET4,
kitchen,n.厨房，灶间,CET4,
kite,n.风筝,CET4,
knee,n.膝，膝盖，膝关节,CET4,
kneel,跪， 跪下， 跪着,CET4,
knife,n.小刀，刀，餐刀,CET4,
knock,vi.&vt.&n.敲，击，打,CET4,
knot,打结；结；节疤；节；把…打成结,CET4,
know,vt.知道；认识；通晓,CET4,
knowledge,n.知识，学识；知道,CET4,
lab,n.实验室，研究室,CET4,
label,标签；标记，符号；贴标签于； 把…称为,CET4,
laboratory,实验室， 研究室,CET4,
labour,n.劳动；工作；劳工,CET4,
lack,vi.&vi.&n.缺乏，不足,CET4,
lad,男孩， 小伙子,CET4,
ladder,n.梯子，梯状物,CET4,
lady,n.女士，夫人；贵妇人,CET4,
lag,走得慢；落后,CET4,
lake,n.湖,CET4,
lamb,羔羊， 小羊； 羔羊肉,CET4,
lamp,n.灯,CET4,
land,n.陆地；土地 vi.上岸,CET4,
landing,n.上岸，登陆，着陆,CET4,
landlady,n.女房东；女地主,CET4,
landlord,地主， 房东； 店主,CET4,
landscape,风景，景色；风景画；全景；美化…的景观,CET4,
lane,小路； 跑道； 航道， 航线,CET4,
language,n.语言，语言课程,CET4,
lantern,n.提灯，灯笼,CET4,
lap,舔； 拍打；膝部；一圈，一段,CET4,
large,a.大的；巨大的,CET4,
largely,大部分， 大量地,CET4,
laser,激光,CET4,
last,a.最后的 ad.最后；vi.持续，持久；耐久,CET4,
late,a.迟的 ad.迟，晚,CET4,
lately,ad.最近，不久前,CET4,
later,ad.后来；过一会儿,CET4,
latin,a.拉丁的 n.拉丁语,CET4,
latter,后者的； 后一半的,CET4,
laugh,vi.笑，发笑 n.笑,CET4,
laughter,笑， 笑声,CET4,
launch,发射，投射，发动；使下水；发射； 下水,CET4,
laundry,洗衣房， 洗衣店； 待洗的衣服， 洗好的衣服,CET4,
lavatory,盥洗室， 厕所,CET4,
law,n.法律，法令；法则,CET4,
lawn,草地， 草坪， 草场,CET4,
lawyer,n.律师；法学家,CET4,
lay,vt.置放；铺设；设置,CET4,
layer,层， 层次,CET4,
layout,布局， 安排， 设计,CET4,
lazy,a.懒惰的，懒散的,CET4,
lead,vt.为…带路；领导；n.铅，铅制品,CET4,
leader,领袖， 领导人， 首领,CET4,
leadership,领导,CET4,
leading,指导的， 带头的； 最主要的； 饰演主角的,CET4,
leaf,n.叶，叶子,CET4,
league,n.同盟，联盟；联合会,CET4,
leak,漏；泄露；漏洞,CET4,
lean,倾斜；屈身；靠；瘦的； 贫瘠的,CET4,
leap,跳，跃；跳跃； 骤变,CET4,
learn,vi.&vt.学，学习,CET4,
learned,有学问的； 学术上的,CET4,
learning,学习； 学问， 知识,CET4,
lease,租约，租契；出租； 租得， 租有,CET4,
least,a.最少的 ad.最少,CET4,
leather,皮革， 皮革制品,CET4,
leave,vi.离去 vt.离开,CET4,
lecture,n.&vi.演讲，讲课,CET4,
left,a.左边的 ad.在左边,CET4,
leg,n.腿，腿部,CET4,
legal,法律的； 合法的,CET4,
legislation,法律， 法规； 立法， 法律的制定,CET4,
leisure,空闲时间； 悠闲,CET4,
lemon,柠檬； 柠檬树； 柠檬黄， 淡黄色,CET4,
lend,vt.把…借给，贷(款),CET4,
length,n.长，长度；一段,CET4,
lens,透镜， 镜片， 镜头,CET4,
less,a.更少的 ad.更少地,CET4,
lessen,vt.减少，减轻；缩小,CET4,
lesson,n.功课，课；课程,CET4,
lest,唯恐， 以免,CET4,
let,vt.允许，让；使,CET4,
letter,n.信；证书；字母,CET4,
level,n.水平面 a.水平的,CET4,
liable,易于…的； 可能的,CET4,
liar,n.说谎的人,CET4,
liberal,心胸宽大的， 慷慨的； 自由的， 自由主义的,CET4,
liberate,解放， 释放,CET4,
liberation,n.解放,CET4,
liberty,自由； 许可， 准许； 过于随便， 放肆,CET4,
librarian,图书馆管理员,CET4,
library,n.图书馆；藏书,CET4,
license,许可，执照；准许,CET4,
lick,舔，舔吃；打败，克服；轻拍，吞卷；舔； 少量， 少许,CET4,
lid,盖子， 盖,CET4,
lie,vi.躺，平放；位于；vi.说谎，欺骗 n.谎话,CET4,
life,n.生命；一生；寿命,CET4,
lifetime,n.一生，终身,CET4,
lift,vt.提起，提高 n.电梯,CET4,
light,n.光，光线；灯，光源；a.轻的，少量的,CET4,
lighten,vt.照亮，使明亮,CET4,
lightly,ad.轻轻地，轻松地,CET4,
lightning,闪电， 电光,CET4,
like,vt.喜欢；喜爱；希望；prep.像，如；像要,CET4,
likely,可能；可能的；适合的,CET4,
likewise,同样地； 也， 又,CET4,
limb,肢， 臂， 腿； 树枝,CET4,
lime,n.石灰,CET4,
limit,n.限度；限制；范围,CET4,
limitation,限制， 限度； 局限,CET4,
limited,有限的,CET4,
limp,软的；不强壮的；〔因一腿受伤而〕跛行，一瘸一拐地走；跛行,CET4,
line,n.线；排；路线；线条,CET4,
link,连接，联系；环节， 联系， 纽带,CET4,
lion,n.狮子；勇猛的人,CET4,
lip,n.嘴唇,CET4,
liquid,液体的； 清澈的； 流畅的；液体,CET4,
liquor,酒， 烈性酒,CET4,
list,n.表，目录 n.列举,CET4,
listen,vi.听，留神听；听从,CET4,
listener,n.听者，听众之一,CET4,
liter,升,CET4,
literary,文学的； 文人的， 书卷气的,CET4,
literature,文学， 文学作品； 文献， 图书资料,CET4,
little,a.小的；少；幼小的,CET4,
live,vi.居住；活 a.活的,CET4,
lively,a.活泼的；逼真的,CET4,
liver,肝,CET4,
living,a.活的 n.生活，生计,CET4,
living-room,n.起居室,CET4,
load,vt.装；装满 n.负载,CET4,
loaf,游荡， 闲逛；面包,CET4,
loan,贷款， 借,CET4,
lobby,向进行游说；大厅；休息室；院外活动集团,CET4,
local,地方性的； 本地的； 局部的； 狭隘的,CET4,
locate,探明， 找出； 把…设置在， 使…坐落于,CET4,
location,位置， 场所； 外景拍摄地,CET4,
lock,n.锁 vt.锁上，锁住,CET4,
lodge,暂住，借宿；乡间小屋； 旅舍,CET4,
log,原木，木料；航海日志；正式记录,CET4,
logic,逻辑， 推理， 逻辑学,CET4,
logical,逻辑的， 合乎常理的,CET4,
lonely,a.孤独的；荒凉的,CET4,
long,a.长的；远的 ad.长久；vi.渴望，极想念,CET4,
look,vi.看，显得 n.看,CET4,
loop,成环， 成圈；圈，环，回路；循环,CET4,
loose,松的； 不精确的， 不严密的； 散漫的,CET4,
loosen,解开； 放松， 松弛,CET4,
lord,领主， 君主， 贵族,CET4,
lorry,运货汽车， 卡车,CET4,
lose,vt.失去；迷失；输掉,CET4,
loss,n.遗失；损失；失败,CET4,
lot,n.许多，大量；签，阄,CET4,
loud,a.响亮的；吵闹的,CET4,
loudspeaker,n.扬声器，喇叭,CET4,
love,vt.爱，喜欢 n.爱,CET4,
lovely,a.可爱的；令人愉快的,CET4,
lover,爱好者； 情人,CET4,
low,a.低的，矮的；低下的,CET4,
lower,较低的；下面的；放下， 降低,CET4,
loyal,忠诚的， 忠心的,CET4,
loyalty,忠诚， 忠心,CET4,
luck,n.运气；好运，幸运,CET4,
lucky,幸运的， 侥幸的； 吉利的,CET4,
luggage,行李,CET4,
lumber,n.木材；木料；制材,CET4,
lump,结块； 将…归并在一起；块，肿块,CET4,
lunch,n.午餐，(美)便餐,CET4,
lung,肺,CET4,
luxury,奢侈； 奢侈品,CET4,
machine,n.机器；机械,CET4,
machinery,机器， 机械,CET4,
mad,a.发疯的；恼火的,CET4,
madam,n.夫人，女士，太太,CET4,
magazine,n.杂志，期刊,CET4,
magic,有魔力的； 魔术的；魔法，魅力,CET4,
magnet,磁铁， 磁体； 有吸引力的人或事物,CET4,
magnetic,磁的； 有吸引力的,CET4,
magnificent,宏伟的， 壮丽的； 华丽的； 极好的,CET4,
maid,女仆， 侍女,CET4,
mail,n.邮件 vt.邮寄,CET4,
main,a.主要的，最重要的,CET4,
mainframe,主机， 大型机,CET4,
mainland,大陆,CET4,
mainly,ad.主要地，大体上,CET4,
maintain,维持； 维修， 保养； 主张； 赡养,CET4,
maintenance,维持； 保养； 抚养费,CET4,
major,较大的；主要的；重大的；少校； 专业,CET4,
majority,多数， 大多数,CET4,
make,vt.使；做，制造,CET4,
male,男的，雄的；男子， 雄性动物,CET4,
man,n.男人；人；人类,CET4,
manage,vt.管理；设法；对付,CET4,
management,管理； 处理； 管理部门； 管理人员,CET4,
mankind,人类,CET4,
manly,a.男子气概的，果断的,CET4,
manner,方式； 态度； 风度； 礼貌， 规矩,CET4,
manual,用手的；手工做的；手册， 指南,CET4,
manufacture,制造，加工；制造， 制造业,CET4,
manufacturer,制造商； 制造厂,CET4,
many,a.许多的 pron.许多人,CET4,
map,n.地图；图；天体图,CET4,
march,n.三月；vi.行军；游行示威,CET4,
margin,页边空白； 差数， 差额； 余地； 边缘,CET4,
marine,海的， 海生的； 海事的， 海军的， 海运的；海军陆战队士兵,CET4,
mark,n.斑点；记号 vt.标明,CET4,
market,市场； 股市； 行情， 销路,CET4,
marriage,结婚， 婚姻； 婚礼,CET4,
married,已婚的； 婚姻的,CET4,
marry,娶， 嫁； 为…证婚； 结婚， 结合,CET4,
marvelous,奇迹般的， 了不起的,CET4,
marxism,n.马克思主义,CET4,
marxist,马克思主义的；马克思主义者,CET4,
mask,面具，面罩，口罩；伪装；遮盖， 掩饰,CET4,
mass,大量的，大规模的；聚集， 集中；众多，大量；团，块，堆；群众；质量,CET4,
massive,大的， 大而重的； 大块的； 大量的， 大规模的,CET4,
master,n.主人；能手；硕士,CET4,
mat,席子， 垫子,CET4,
match,n.比赛，竞赛；对手；n.(一根)火柴,CET4,
mate,成为配偶， 交配；伙伴，同事；配偶，配对物；大副,CET4,
material,物质的， 实体的； 肉体的； 重要的， 实质性的；材料，素材,CET4,
mathematical,数学的,CET4,
mathematics,数学,CET4,
maths,n.(英)数学,CET4,
matter,n.事情；物质 vi.要紧,CET4,
mature,成熟的；成年人的；深思熟虑的；到期的，应支付的；使成熟,CET4,
maximum,最大的， 最高的， 顶点的；最大量，顶点,CET4,
may,n.五月；v.aux.可能；可以，祝,CET4,
maybe,ad.大概，或许；也许,CET4,
mayor,市长,CET4,
me,pron.(宾格)我,CET4,
meal,n.膳食，一餐,CET4,
mean,vt.作…解释；意指；a.自私的；吝啬的；a.平均的 n.平均值,CET4,
meaning,意义， 意思； 目的； 重要性,CET4,
means,方法， 手段， 工具； 金钱， 财产,CET4,
meantime,其间， 同时,CET4,
meanwhile,与此同时,CET4,
measurable,a.可测量的,CET4,
measure,测量，度量；衡量；分量； 尺寸； 量具； 计量单位； 量度， 测量； 措施， 办法,CET4,
measurement,衡量， 测量； 尺寸， 大小,CET4,
meat,n.肉,CET4,
mechanic,技工， 机修工； 力学， 机械学； 过程， 方法， 技术性细节,CET4,
mechanical,机械的， 机械制造的； 机械学的， 力学的； 呆板的,CET4,
mechanically,ad.机械地,CET4,
mechanics,n.力学；技术性细节,CET4,
mechanism,机械装置； 机制， 机理； 办法， 途径,CET4,
medal,奖牌， 奖章， 勋章,CET4,
media,新闻媒介， 传播媒介,CET4,
medical,a.医学的；内科的,CET4,
medication,药物治疗； 药物,CET4,
medicine,n.内服药；医学,CET4,
mediterranean,n.地中海 a.地中海的,CET4,
medium,中等的；媒体；媒介物，传导体,CET4,
meet,vt.遇见 vi.相遇,CET4,
meeting,n.聚集，会合，会见,CET4,
melon,n.瓜，甜瓜,CET4,
melt,融化； 熔化； 消散,CET4,
member,n.成员，会员,CET4,
membership,会员身份， 会籍； 全体会员， 会员数,CET4,
memorial,纪念的，悼念的；纪念碑， 纪念堂， 纪念仪式,CET4,
memory,n.记忆；回忆；存储,CET4,
mend,vt.修理，修补，缝补,CET4,
mental,心理的， 精神的， 思想上的； 精神病的； 智力的,CET4,
mention,提及， 说起,CET4,
menu,菜单,CET4,
merchant,商人,CET4,
mercy,仁慈， 宽容； 恩惠； 幸运,CET4,
mere,仅仅的； 纯粹的,CET4,
merely,仅仅， 只不过,CET4,
merit,长处，优点，价值；功劳，成绩；值得， 应受,CET4,
merry,欢乐的， 愉快的,CET4,
mess,凌乱状态，混乱的局面；困境；弄糟， 弄脏， 搞乱,CET4,
message,n.信息，消息；启示,CET4,
metal,n.金属，金属制品,CET4,
meter,n.计量器，计，表,CET4,
method,n.方法，办法；教学法,CET4,
metre,n.米，公尺,CET4,
metric,公制的， 米制的,CET4,
microcomputer,n.微型计算机，微机,CET4,
microphone,扩音器， 话筒， 麦克风,CET4,
microscope,显微镜,CET4,
midday,n.正午，中午,CET4,
middle,n.中部 a.中部的,CET4,
midnight,n.午夜，子夜，夜半,CET4,
might,v.aux.可能，会，也许；n.力量，威力，能力,CET4,
mild,温柔的； 温暖的； 轻微的,CET4,
mile,n.英里,CET4,
military,军事的，军用的；军队， 武装力量,CET4,
milk,n.乳，牛奶 vt.挤(奶),CET4,
mill,磨， 碾；磨坊；碾磨机；制造厂，工厂,CET4,
millimetre,毫米,CET4,
million,num.百万 n.许多,CET4,
mind,n.头脑；理智；记忆,CET4,
mine,pron.我的；n.矿，矿山；地雷,CET4,
miner,n.矿工,CET4,
mineral,矿物， 矿石， 矿物质,CET4,
minimize,将…减少； 最小化,CET4,
minimum,最低的， 最小的；最低限度；最小量,CET4,
minister,部长， 大臣； 公使， 外交使节； 牧师,CET4,
ministry,部,CET4,
minor,辅修；较小的，较少的；次要的；未成年人；辅修科目,CET4,
minority,少数； 少数民族,CET4,
minus,负的；减；负数；减号,CET4,
minute,n.分，分钟；一会儿；a.微细的；详细的,CET4,
miracle,奇迹， 令人惊奇的人,CET4,
mirror,n.镜子 vt.反映，反射,CET4,
misconception,误解,CET4,
miserable,痛苦的； 悲惨的； 令人难受的,CET4,
mislead,给…错误印象， 使误解； 把…带错路； 使误入歧途,CET4,
miss,n.小姐；vt.未看到；惦念,CET4,
missile,导弹， 飞弹， 投射物,CET4,
missing,缺掉的， 失踪的,CET4,
mission,使命， 任务； 使团,CET4,
mist,蒙上薄雾； 模糊；薄雾,CET4,
mistake,n.错误 vi.误解，弄错,CET4,
mister,n.先生,CET4,
misunderstand,误解， 误会,CET4,
mix,vt.使混合，混淆,CET4,
mixture,混合， 混合物,CET4,
mobile,运动的； 流动的； 多变的,CET4,
mode,n.方式，样式,CET4,
model,n.模型；模式；模特儿,CET4,
moderate,中等的； 温和的， 稳健的； 有节制的；和缓， 减轻； 节制,CET4,
modern,a.现代的，近代的,CET4,
modernization,现代化,CET4,
modest,谦虚的； 适中的； 羞怯的,CET4,
modify,更改， 修改； 修饰,CET4,
moist,湿润的， 潮湿的,CET4,
moisture,潮湿， 湿气,CET4,
mold,霉，霉菌；模型，铸模；性格；用模子制作， 塑造； 使形成， 影响…的形成,CET4,
molecule,分子,CET4,
moment,n.片刻，瞬间，时刻,CET4,
monday,n.星期一,CET4,
money,n.货币；金钱，财富,CET4,
monitor,班长；监视器，检测器；显示器；监听； 检测,CET4,
monkey,n.猴子，猿,CET4,
month,n.月，月份,CET4,
monthly,a.每月的 ad.每月,CET4,
monument,纪念碑， 纪念馆； 历史遗迹,CET4,
mood,心情， 情绪； 语气,CET4,
moon,n.月球，月亮；卫星,CET4,
moral,道德的，有道德的；品行； 道德规范； 寓意,CET4,
more,a.更多的 ad.更,CET4,
moreover,而且， 再者， 此外,CET4,
morning,n.早晨，上午,CET4,
mosquito,蚊子,CET4,
most,a.最多的 ad.最，很,CET4,
mostly,ad.主要的，大部分,CET4,
mother,n.母亲，妈妈,CET4,
motion,打手势， 示意；运动；手势，眼色，动作；提议,CET4,
motivate,作为…的动机； 激励， 激发,CET4,
motive,动机， 目的,CET4,
motor,发动机， 电动车,CET4,
mould,霉，霉菌；模型，铸模；性格，气质；用模子做， 浇铸； 使形成， 把…铸造成,CET4,
mount,登上；发起；安放；增加，加剧；山， 峰,CET4,
mountain,n.山，山岳；山脉,CET4,
mouse,n.鼠，耗子,CET4,
mouth,n.嘴，口，口腔,CET4,
mouthful,n.满口，一口，少量,CET4,
move,vt.移动；感动 n.动,CET4,
movement,"n.动作,活动;移动",CET4,
movie,n.电影；电影院,CET4,
much,ad.非常，很 a.许多的,CET4,
mud,泥， 泥浆,CET4,
mug,大杯；对…行凶抢劫,CET4,
multicultural,融合多种文化的,CET4,
multiple,复合的，多重的，多样的；倍数,CET4,
multiply,增加， 繁殖； 乘,CET4,
murder,谋杀，凶杀；谋杀罪；谋杀；杀害,CET4,
murderer,n.杀人犯，凶手,CET4,
muscle,肌肉， 体力； 力量， 实力,CET4,
museum,博物馆,CET4,
mushroom,迅速成长；蘑菇,CET4,
music,n.音乐，乐曲，乐谱,CET4,
musical,a.音乐的；和谐的,CET4,
musician,音乐家， 乐师,CET4,
must,v.aux.必须；必然要,CET4,
mutton,n.羊肉,CET4,
mutual,相互的； 共同的,CET4,
my,pron.我的,CET4,
myself,pron.我自己；我亲自,CET4,
mysterious,神秘的， 诡秘的,CET4,
mystery,神秘； 神秘的人,CET4,
myth,杜撰出来的人； 神话,CET4,
nail,n.钉；指甲 vt.钉,CET4,
naked,裸体的； 无遮蔽的,CET4,
name,n.名字；名誉 vt.说出,CET4,
namely,即， 也就是,CET4,
nap,n.小睡，打盹，瞌睡,CET4,
narrow,a.狭的，狭窄的,CET4,
nation,n.民族；国家,CET4,
national,a.民族的；国家的,CET4,
nationality,国籍； 民族,CET4,
native,a.本土的 n.本地人,CET4,
natural,a.自然界的；天然的,CET4,
naturally,当然； 天然地； 天生地,CET4,
nature,大自然； 本性； 性质,CET4,
naughty,a.顽皮的，淘气的,CET4,
naval,海军的,CET4,
navigation,航行， 航海， 航空； 导航， 领航,CET4,
navy,海军,CET4,
near,ad.近，接近 a.近的,CET4,
nearby,在附近；附近的,CET4,
nearly,ad.差不多；密切地,CET4,
neat,a.整洁的；熟练的,CET4,
necessarily,必要地； 必然,CET4,
necessary,a.必要的；必然的,CET4,
necessity,必需品； 必要性， 需要,CET4,
neck,n.颈，脖子,CET4,
necklace,n.项链，项圈,CET4,
need,vt.需要 v.aux.需要,CET4,
needle,n.针，缝补，编织针,CET4,
needless,a.不需要的,CET4,
negative,否定的，消极的；负的；阴性的；负片， 底片； 负数,CET4,
neglect,疏于照料；疏忽；疏忽,CET4,
negotiate,洽谈， 协商； 顺利通过， 成功越过； 协商， 谈判,CET4,
negro,黑人,CET4,
neighbour,n.邻居，邻国，邻人,CET4,
neighbourhood,四邻； 附近； 接近,CET4,
neither,a.(两者)都不的,CET4,
nephew,侄子， 外甥,CET4,
nerve,神经； 勇敢， 胆量,CET4,
nervous,a.神经的；易激动的,CET4,
nest,筑巢；巢，窝，穴,CET4,
net,n.网，网状物；通信网,CET4,
network,网状物； 广播网， 电视网； 网络,CET4,
neutral,中立的； 中性的,CET4,
never,ad.永不，决不；不,CET4,
nevertheless,仍然， 然而,CET4,
new,a.新的；新近出现的,CET4,
newly,ad.新近，最近,CET4,
news,n.新闻，消息,CET4,
newspaper,n.报纸，报,CET4,
newsstand,报摊， 杂志摊,CET4,
next,a.紧接的；贴近的,CET4,
nice,a.美好的，令人愉快的,CET4,
niece,侄女， 外甥女,CET4,
night,n.夜，夜间,CET4,
nightmare,噩梦； 可怕的事物， 无法摆脱的恐惧,CET4,
nine,num.九，九个,CET4,
nineteen,num.十九，十九个,CET4,
ninety,num.九十，九十个,CET4,
ninth,num.第九；九分之一,CET4,
nitrogen,氮,CET4,
no,ad.不；并不 a.没有,CET4,
noble,a.贵族的；高尚的,CET4,
nobody,pron.谁也不；无人,CET4,
nod,vt.点(头)；点头表示,CET4,
noise,n.喧闹声；响声；噪声,CET4,
noisy,a.嘈杂的；喧闹的,CET4,
none,pron.没有人 ad.毫不,CET4,
nonsense,胡说， 废话； 冒失的行动,CET4,
noon,n.正午，中午,CET4,
nor,conj.也不；不,CET4,
normal,正常的， 平常的； 正规的， 规范的,CET4,
normally,通常； 正常地,CET4,
north,n.北，北方 a.北方的,CET4,
northeast,n.东北 a.位于东北的,CET4,
northern,a.北方的，北部的,CET4,
northwest,n.西北 a.位于西北的,CET4,
nose,n.鼻子；突出部分,CET4,
not,ad.不，没有,CET4,
note,n.笔记；便条；注释,CET4,
notebook,笔记本,CET4,
nothing,n.没有东西 ad.毫不,CET4,
notice,vt.注意 n.通知；注意,CET4,
noticeable,显而易见的,CET4,
notify,通知， 告知， 报告,CET4,
notion,概念， 观念； 意图， 想法， 念头,CET4,
noun,n.名词,CET4,
nourish,提供养分， 养育,CET4,
novel,n.小说 a.新的,CET4,
november,n.十一月,CET4,
now,ad.现在；立刻；于是,CET4,
nowadays,ad.现今，现在,CET4,
nowhere,任何地方都不,CET4,
nuclear,核子的， 核能的， 核武器的； 核心的,CET4,
nucleus,核心； 核,CET4,
nuisance,讨厌的东西,CET4,
number,n.数，数字；号码,CET4,
numerous,众多的,CET4,
nurse,n.保姆；护士 vt.看护,CET4,
nursery,托儿所， 保育室； 苗圃,CET4,
nut,n.坚果，干果；螺母,CET4,
nylon,尼龙,CET4,
oar,n.浆，橹,CET4,
obey,顺从， 服从,CET4,
object,反对， 不赞成；实物， 物体； 目的， 目标； 对象， 客体； 宾语,CET4,
objection,反对， 异议； 反对的理由,CET4,
objective,客观的， 无偏见的；目标，目的,CET4,
obligation,义务， 责任,CET4,
oblige,迫使； 施恩于， 帮…的忙； 使感激,CET4,
observation,注意， 观察； 言论， 评论； 观察资料,CET4,
observe,注意到， 观察； 评说； 遵守,CET4,
observer,观察员， 观察者,CET4,
obstacle,障碍， 障碍物， 妨碍,CET4,
obtain,获得； 通用， 流行； 存在,CET4,
obvious,明显的,CET4,
obviously,ad.明显地，显然地,CET4,
occasion,场合，时刻；重大活动；时机；起因；引起,CET4,
occasional,偶尔的， 间或发生的,CET4,
occasionally,ad.偶然;非经常地,CET4,
occupation,占领， 占据； 职业； 从事的活动， 消遣,CET4,
occupy,占领， 占， 占有,CET4,
occur,发生， 出现， 存在； 被想起， 被想到,CET4,
occurrence,发生， 出现； 发生的事件,CET4,
ocean,n.海洋；洋,CET4,
oceania,n.大洋洲,CET4,
october,n.十月,CET4,
odd,奇特的； 临时的； 奇数的； 单只的； 剩余的， 挂零的,CET4,
odour,n.气味，香气；味道,CET4,
of,prep.…的；由于,CET4,
off,ad.(离)开；(停)止,CET4,
offend,冒犯， 伤害…的感情； 使厌恶； 违反,CET4,
offense,犯规， 违法行为； 冒犯， 得罪,CET4,
offensive,冒犯的，无礼的；进攻的，攻击性的；进攻， 攻势,CET4,
offer,vt.提供；提出 n.提供,CET4,
office,n.办公室；处，局，社,CET4,
officer,n.官员；干事；军官,CET4,
official,官员的；官方的，正式的；官员， 行政人员， 高级人员,CET4,
often,ad.经常，常常,CET4,
oh,int.嗬，哦，唉呀,CET4,
oil,n.油；石油 vt.加油于,CET4,
okay,(缩作 OK)a.&ad.对，好,CET4,
old,a.老的；…岁的,CET4,
omit,省略； 遗漏,CET4,
on,prep.在…上；在…旁,CET4,
once,ad.一次；曾经 n.一次,CET4,
one,num.一 pron.一个人,CET4,
oneself,pron.自己；亲自,CET4,
onion,洋葱； 洋葱类植物,CET4,
only,ad.只，仅仅 a.唯一的,CET4,
onto,prep.到…上,CET4,
open,a.开的；开放的 vt.开,CET4,
opening,开首的，开始的；口子， 洞， 孔； 开始； 空缺,CET4,
opera,歌剧,CET4,
operate,vi.操作；施行手术,CET4,
operation,n.操作；手术；运算,CET4,
operational,运转的； 可使用的； 操作上的,CET4,
operator,操作人员； 话务员， 报务员,CET4,
opinion,n.意见，看法，主张,CET4,
opponent,对手， 敌手， 对抗者,CET4,
opportunity,机会， 良机,CET4,
oppose,反对； 反抗,CET4,
opposite,a.对面的 n.对立物,CET4,
optical,眼的， 光学的， 视觉的,CET4,
optimistic,乐观的， 乐观主义的,CET4,
option,选择， 选择权， 选择自由； 选择的事物或人， 选课,CET4,
optional,可以任选的,CET4,
or,conj.或，或者；即,CET4,
oral,口头的； 口的,CET4,
orange,n.橙(树)；柑(树),CET4,
orbit,轨道；做轨道运行,CET4,
orchestra,管弦乐队,CET4,
order,n.次序；整齐 vt.命令,CET4,
orderly,整洁的； 有秩序的,CET4,
ordinary,a.平常的；平凡的,CET4,
ore,矿， 矿石,CET4,
organ,器官； 机构； 管风琴； 新闻媒介,CET4,
organic,有机体的， 有机物的,CET4,
organism,生物， 有机体； 机体， 有机组织,CET4,
organization,组织， 团体， 机构,CET4,
organize,组织， 把…编组； 使有条理,CET4,
origin,起源， 起因； 出身， 血统,CET4,
original,最初的；新颖的；原版的；原件， 原作,CET4,
orphan,n.孤儿,CET4,
other,a.另外的；其余的,CET4,
otherwise,ad.另外；要不然,CET4,
ought,v.aux.应当，应该,CET4,
ounce,盎司,CET4,
our,pron.我们的,CET4,
ours,pron.我们的,CET4,
ourselves,pron.我们自己,CET4,
out,ad.出，在外；现出来,CET4,
outcome,结果,CET4,
outdoor,a.户外的，室外的,CET4,
outdoors,ad.在户外，在野外,CET4,
outer,外面的， 外层的,CET4,
outlet,出口， 出路； 发泄途径,CET4,
outline,提纲，要点；外形，略图；概述； 描…外形,CET4,
outlook,观点， 看法； 展望， 前景,CET4,
output,产量；输出；输出功率；输出,CET4,
outset,开始， 开端,CET4,
outside,外部的；在…的外面； 向…的外面； 除…以外；外部，外表,CET4,
outskirt,n.外边，郊区,CET4,
outstanding,突出的， 杰出的； 未解决的； 未偿付的,CET4,
outward,外面的； 外表的； 向外的,CET4,
outwards,ad.向外，往海外,CET4,
oval,椭圆形的；椭圆形,CET4,
oven,炉， 烤箱,CET4,
over,prep.在…上方；超过,CET4,
overall,全面的， 总体的， 全部的,CET4,
overcoat,n.外衣，大衣,CET4,
overcome,战胜， 克服； 压倒， 使受不了,CET4,
overhead,在头顶上；在头顶上的，架空的；经常费用， 管理费用,CET4,
overlook,忽视； 宽恕； 俯瞰,CET4,
overnight,整夜， 通宵； 一夜间， 突然；一整夜的； 一夜间的， 突然的,CET4,
overseas,在海外；在海外的,CET4,
overtake,追上， 超过； 突然降临于， 意外地碰上,CET4,
overtime,a.超时的，加班的,CET4,
owe,欠； 应把…归功于； 感激， 感恩,CET4,
owing,应付的， 未付的,CET4,
own,a.自己的 vt.有，拥有,CET4,
owner,物主， 所有人,CET4,
ownership,所有， 所有制,CET4,
ox,n.牛；公牛，阉牛,CET4,
oxygen,氧， 氧气,CET4,
pace,踱步；步，步速；速度；节奏,CET4,
pacific,a.和平的 n.太平洋,CET4,
pack,捆扎，把…打包；使挤在一起，塞满；包， 小盒,CET4,
package,包裹，包装；一揽子交易；把…打包； 包装,CET4,
packet,小包， 小盒,CET4,
pad,垫，衬垫；便笺本；发射台，直升机起落场；填塞,CET4,
page,n.页,CET4,
pail,n.桶，提桶,CET4,
pain,n.痛，疼痛；辛苦,CET4,
painful,疼痛的， 引起疼痛的； 困难的； 令人不快的,CET4,
paint,vt.画；油漆 vi.绘画,CET4,
painter,漆工； 画家,CET4,
painting,n.油画；绘画；着色,CET4,
pair,n.一对 vi.成对，配对,CET4,
palace,n.宫，宫殿,CET4,
pale,a.苍白的；浅的,CET4,
palm,手掌， 掌状物； 棕榈树,CET4,
pan,n.平底锅，盘子,CET4,
panda,n.小猫熊；猫熊,CET4,
pane,n.窗格玻璃,CET4,
panel,专门小组； 面， 板； 控制板， 仪表盘,CET4,
panic,恐慌， 惊慌失措；恐慌，惊慌，慌乱,CET4,
pant,n.气喘；心跳,CET4,
pants,长裤， 便裤； 内裤,CET4,
paper,n.纸；官方文件；文章,CET4,
parade,游行， 列队前进； 招摇而行；游行；检阅,CET4,
paragraph,段， 节,CET4,
parallel,平行的；类似的；并列的，并联的；可相比拟的事物；相似处；平行线，平行面；纬线；与…平行； 与…相似， 与…相当， 比得上,CET4,
parcel,包裹，小包，邮包；分， 分配； 把…包起来， 捆扎,CET4,
pardon,n.原谅；赦免 vt.原谅,CET4,
parent,n.父亲，母亲，双亲,CET4,
park,n.公园；停车场,CET4,
parliament,议会， 国会,CET4,
part,n.一部分；零件；本份,CET4,
partial,部分的； 不公平的； 偏爱的， 偏袒的,CET4,
partially,ad.部分地,CET4,
participate,参与， 参加； 分享,CET4,
particle,粒子， 微粒； 小品词， 语助词,CET4,
particular,a.特殊的；特定的,CET4,
particularly,特别， 尤其,CET4,
partly,ad.部分地，不完全地,CET4,
partner,做…的搭档；伙伴，合伙人，搭档，配偶,CET4,
party,n.党，党派；聚会,CET4,
pass,vt.经过；通过；度过,CET4,
passage,n.通过；通路，通道,CET4,
passenger,"n.乘客,旅客,过路人",CET4,
passion,激情， 热情； 酷爱,CET4,
passive,被动的， 消极的,CET4,
passport,护照,CET4,
past,a.过去的 n.过去,CET4,
paste,糊，糨糊；粘， 贴,CET4,
pat,非常恰当的， 适时的；轻拍,CET4,
patch,补丁；斑，与周围不同的部分；一小块地；补， 修补,CET4,
path,n.路，小道；道路,CET4,
patience,忍耐， 耐心,CET4,
patient,忍耐的，有耐心的；病人,CET4,
pattern,型，式样，模型；仿制， 使照…样子,CET4,
pause,n.&vi.中止，暂停,CET4,
pavement,n.(英)人行道,CET4,
paw,用爪子抓， 用蹄扒； 翻找；爪子,CET4,
pay,vt.支付；付给；给予,CET4,
payment,支付， 支付的款项,CET4,
pea,豌豆,CET4,
peace,n.和平；和睦；平静,CET4,
peaceful,a.和平的；安静的,CET4,
peach,n.桃子，桃树,CET4,
peak,达到高峰， 达到最大值；最大值的，高峰的；山顶，顶点,CET4,
pear,n.梨子，梨树,CET4,
peasant,n.农民,CET4,
pebble,n.卵石，细砾,CET4,
peculiar,奇怪的， 古怪的； 特有的,CET4,
peep,vi.(从缝隙中)偷看,CET4,
peer,仔细看， 费力地看；同龄人，同等地位的人；贵族,CET4,
pen,n.钢笔，自来水笔,CET4,
penalty,处罚， 惩罚； 罚金,CET4,
pencil,n.铅笔,CET4,
penetrate,透入， 渗入， 进入； 刺穿； 洞察， 了解,CET4,
penny,n.(英)便士；(美)分,CET4,
pension,养老金，抚恤金；发给…养老金,CET4,
people,n.人民，民族；人,CET4,
pepper,胡椒，胡椒粉；在…上撒； 使布满,CET4,
per,每， 每一,CET4,
perceive,感知， 感觉， 察觉； 认识到， 意识到； 理解,CET4,
percent,n.百分之…,CET4,
percentage,百分比， 百分率,CET4,
perception,感知， 觉察； 认识， 观念， 看法,CET4,
perfect,a.完美的；完全的,CET4,
perfectly,ad.很，完全,CET4,
perform,做， 履行， 完成； 表演， 演出； 工作情况， 表现,CET4,
performance,演出； 执行， 完成； 工作情况， 表现； 工作性能,CET4,
perhaps,ad.也许，可能，多半,CET4,
period,n.时期；学时；句号,CET4,
permanent,永久的， 固定的,CET4,
permanently,ad.永久/持久地,CET4,
permission,允许， 许可， 准许,CET4,
permit,vt.允许 n.执照,CET4,
persist,坚持， 持续,CET4,
persistent,坚持的， 不屈不挠的； 持续不断的； 反复出现的,CET4,
person,n.人；人身；本人,CET4,
personal,a.个人的；本人的,CET4,
personality,人格， 个性； 人物， 名人,CET4,
personnel,人员， 员工,CET4,
perspective,视角， 观点； 远景， 景观； 透视画法， 透视图,CET4,
persuade,vt.说服 vi.被说服,CET4,
persuasive,劝诱的； 有说服力的,CET4,
pessimistic,悲观的,CET4,
pet,n.爱畜；宠儿 a.宠爱的,CET4,
petrol,汽油,CET4,
petroleum,石油,CET4,
phase,阶段； 方面； 相， 相位,CET4,
phenomenon,现象,CET4,
philosopher,哲学家， 哲人,CET4,
philosophy,哲学， 哲理， 人生哲学,CET4,
phone,n.电话，电话机；耳机,CET4,
photograph,n.照/相片,CET4,
photographic,a.摄影的，摄影用的,CET4,
phrase,n.短语；习惯用语,CET4,
physical,身体的； 物理的； 物质的， 有形的,CET4,
physician,内科医生,CET4,
physicist,物理学家,CET4,
physics,n.物理学,CET4,
piano,n.钢琴,CET4,
pick,n.镐，鹤嘴锄；vt.拾，摘 vi.采摘,CET4,
picnic,n.郊游，野餐 vi.野餐,CET4,
picture,n.画，图片 vt.画,CET4,
pie,n.(西点)馅饼,CET4,
piece,n.碎片，块 vt.拼合,CET4,
pierce,刺穿， 穿孔于,CET4,
pig,n.猪，小猪，野猪,CET4,
pigeon,鸽子,CET4,
pile,n.堆 vt.堆叠，累积,CET4,
pill,药丸,CET4,
pillar,柱， 柱子； 栋梁,CET4,
pillow,枕头,CET4,
pilot,试验性的， 试点的；引航员；飞行员；驾驶；为引航；试验，试用,CET4,
pin,n.针，饰针 n.别住,CET4,
pinch,捏，拧；撮， 微量,CET4,
pine,消瘦， 衰弱； 痛苦， 悲哀； 渴望；松树，松木,CET4,
pink,n.粉红色 a.粉红色的,CET4,
pint,品脱,CET4,
pioneer,n.拓荒者；先驱者,CET4,
pipe,n.管子，导管；烟斗,CET4,
pipeline,n.管道，管线,CET4,
pit,地洞，坑；煤矿，矿井；使有坑,CET4,
pitch,投， 掷； 架设， 搭， 营； 颠簸；球场；程度，强度；高度；音高；沥青；投掷；使猛然倒下；表达；把…定于特定程度；定调,CET4,
pity,n.怜悯；遗憾 vt.同情,CET4,
place,n.地方，地点；住所,CET4,
plain,n.平原 a.清楚的,CET4,
plan,n.&vt.计划，打算,CET4,
plane,n.平面；飞机,CET4,
planet,行星,CET4,
plant,n.植物；工厂 vt.栽种,CET4,
plantation,种植园， 人工林,CET4,
plastic,塑料的；可塑的；塑料， 塑料制品； 信用卡,CET4,
plate,n.板，片，盘 vt.电镀,CET4,
platform,平台， 站台， 讲台； 纲领， 宣言,CET4,
play,vi.玩，游戏；演奏,CET4,
player,n.游戏的人；比赛者,CET4,
playground,n.操场，运动场,CET4,
pleasant,a.令人愉快的，舒适的,CET4,
please,vt.使高兴，请 vi.满意,CET4,
pleasure,n.愉快，快乐；乐事,CET4,
pledge,保证，誓言；保证， 许诺,CET4,
plentiful,丰富的， 充足的； 大量的,CET4,
plenty,n.丰富，充足，大量,CET4,
plot,密谋， 计划； 绘制…的平面图， 在图上标绘…的位置；故事情节；计划，密谋；小块土地,CET4,
plough,n.犁 vt.&vi.犁，耕,CET4,
pluck,vt.采，摘；拉下 n.拉,CET4,
plug,插头，插座；塞子，栓；把…塞住， 用…塞住,CET4,
plunge,纵身投入， 猛冲； 猛跌,CET4,
plural,复数的；复数,CET4,
pluralism,多重性； 兼职， 兼任,CET4,
plus,表示加的；正的；加，加上；加号， 正号,CET4,
pocket,n.衣袋 n.袖珍的,CET4,
poem,诗,CET4,
poet,诗人,CET4,
poetry,诗， 诗歌， 诗集,CET4,
point,n.点；要点；细目；分,CET4,
poison,毒，毒药；毒害,CET4,
poisonous,有毒的； 恶毒的,CET4,
pole,杆； 极， 磁极， 电极,CET4,
police,n.警察；警察当局,CET4,
policeman,n.警察,CET4,
policy,政策， 方针； 保险单,CET4,
polish,磨光；修改，润色，使优美；擦光剂,CET4,
polite,a.有礼貌的；有教养的,CET4,
political,a.政治的，政治上的,CET4,
politician,政治家， 政客,CET4,
politics,政治， 政治学； 政纲， 政见,CET4,
poll,民意测验；政治选举，大选；对…进行民意测验； 获得,CET4,
pollute,弄脏， 污染； 腐蚀,CET4,
pollution,污染， 污染物,CET4,
pond,池塘,CET4,
pool,n.水塘，游泳池，水池；n.共用物 vt.共有,CET4,
poor,a.贫穷的；贫乏的,CET4,
pop,n.流行音乐，流行歌曲；n.砰的一声，爆破声,CET4,
popular,a.民众的；流行的,CET4,
popularity,普及， 流行； 声望,CET4,
popularize,普及,CET4,
population,n.人口；全体居民,CET4,
pork,n.猪肉,CET4,
porridge,n.粥，麦片粥,CET4,
port,n.港，港口,CET4,
portable,便于携带的， 手提式的,CET4,
porter,搬运工人； 看门人， 大楼管理员,CET4,
portion,一部分，一份；分配， 把…分给,CET4,
portrait,肖像， 画像,CET4,
portuguese,n.葡萄牙人/语,CET4,
pose,摆姿势；假装，装腔作势；使摆好姿势；造成，引起；提出，陈述；样子， 姿势,CET4,
position,n.位置；职位；姿势,CET4,
positive,确实的， 明确的； 积极的， 肯定的,CET4,
possess,占用， 拥有,CET4,
possession,有， 所有； 所有物,CET4,
possibility,可能； 可能的事,CET4,
possible,a.可能的；可能存在的,CET4,
possibly,ad.可能地；也许,CET4,
post,n.柱，桩，杆 vt.贴出；n.邮政，邮寄；邮件；n.岗位，哨所；职位,CET4,
postage,邮费， 邮资,CET4,
postman,n.邮递员,CET4,
postpone,延迟， 延期,CET4,
pot,n.锅，壶，罐，盆,CET4,
potato,n.马铃薯，土豆,CET4,
potential,潜在的，可能的；潜力， 潜能,CET4,
pound,n.磅；英磅；vt.捣碎；舂烂；猛击,CET4,
pour,灌， 倒； 倾泻,CET4,
poverty,贫穷， 贫困,CET4,
powder,粉， 粉末,CET4,
power,n.能力；力；权；幂,CET4,
powerful,强大的， 有力的， 有权的； 强壮的， 强健的,CET4,
practical,a.实践的；实用的,CET4,
practically,几乎， 简直； 实际上,CET4,
practice,n.实践；练习；业务,CET4,
practise,vt.练习，实习，训练,CET4,
praise,n.赞扬，赞美 vi.赞扬,CET4,
pray,祈祷， 祈求； 请求， 恳求,CET4,
prayer,祷告， 祈祷； 祷文； 祈求， 祈望,CET4,
precaution,预防； 防备， 警惕,CET4,
preceding,在前的， 在先的， 前面的,CET4,
precious,珍贵的， 宝贵的,CET4,
precise,精确的， 准确的； 严谨的,CET4,
precision,精确， 精密,CET4,
predict,预言， 预告， 预测,CET4,
predictable,可预料的,CET4,
preface,序言， 前言， 引言,CET4,
prefer,vt.宁可，宁愿,CET4,
preferable,更可取的， 更好的， 更合意的,CET4,
preference,喜爱， 偏爱； 偏爱的事物； 优先,CET4,
pregnant,怀孕的， 妊娠的,CET4,
prejudice,偏见，成见；使有偏见； 对…不利， 损害,CET4,
preliminary,预备的，初步的；初步做法， 起始行为,CET4,
preparation,准备， 预备； 制剂,CET4,
prepare,vt.&vi.准备，预备,CET4,
preposition,介词,CET4,
prescribe,开； 吩咐采用； 规定， 指定,CET4,
presence,出席， 到场； 存在； 仪表， 仪态,CET4,
present,a.现在的 n.目前；vt.赠送; 介绍; 提出；n.礼物，赠送物,CET4,
presentation,提供， 显示； 外观， 图像； 授予， 赠送； 报告， 介绍； 表演,CET4,
presently,不久， 一会儿； 现在， 目前,CET4,
preserve,保护， 维持； 保存； 腌制,CET4,
president,n.总统；校长；会长,CET4,
press,vt.压，按，揿；催促,CET4,
pressure,压，压强；压迫；对…施加压力， 迫使,CET4,
presumably,大概， 可能， 据推测,CET4,
pretend,装作， 假装,CET4,
pretty,a.漂亮的，标致的,CET4,
prevail,流行， 盛行,CET4,
prevent,vt.预防，防止；阻止,CET4,
preventive,预防性的,CET4,
previous,先的， 前的； 以前的,CET4,
previously,ad.先前，预先,CET4,
price,n.价格，价钱；代价,CET4,
pride,n.骄傲；自豪 vt.自夸,CET4,
priest,神父， 牧师,CET4,
primarily,首先； 主要地,CET4,
primary,首要的， 主要的； 基本的； 最初的， 初级的,CET4,
prime,首要的；最好的；青春；全盛时期；使准备好,CET4,
primitive,原始的，早期的；简单的；粗糙的；原人； 原始事物,CET4,
prince,n.王子，亲王,CET4,
princess,n.公主，王妃,CET4,
principal,最重要的，主要的；负责人， 校长； 资本， 本金； 主要演员， 主角,CET4,
principle,原则， 原理， 道义； 基本信念， 信条,CET4,
print,vt.印刷 n.印刷；正片,CET4,
prior,在前的； 优先的,CET4,
priority,优先， 重点； 优先考虑的事,CET4,
prison,n.监狱，监禁,CET4,
prisoner,n.囚犯,CET4,
private,私人的；秘密的；私下的；私营的；士兵， 列兵,CET4,
privilege,特权； 优惠,CET4,
prize,n.奖赏，奖金 vt.珍视,CET4,
probable,很可能的， 大概的,CET4,
probably,ad.或许，大概,CET4,
problem,n.问题；习题，问题,CET4,
procedure,程序， 手续， 步骤,CET4,
proceed,继续进行； 行进， 前进,CET4,
process,过程；制作法；程序；加工； 办理,CET4,
procession,队伍， 行列,CET4,
produce,vt.生产；产生；展现,CET4,
product,产品， 产物； 乘积,CET4,
production,n.生产；产品；总产量,CET4,
profession,职业； 声明， 表白,CET4,
professional,职业的，专业的，专门的；自由职业者， 专业人员,CET4,
professor,n.教授,CET4,
profile,侧面；人物简介；轮廓，形象；姿态，引人注目的状态；为…描绘； 写…的传略,CET4,
profit,受益；益处；利润，收益；有益于，有利于,CET4,
program,n.节目单；大纲；程序,CET4,
progress,n.前进，进展；进步,CET4,
progressive,前进的； 渐进的； 进行式的,CET4,
prohibit,禁止， 不准,CET4,
project,伸出； 投射； 预计；方案， 计划； 课题， 项目； 工程,CET4,
prolong,拉长， 延长,CET4,
prominent,突出的， 杰出的； 突起的， 凸出的,CET4,
promise,n.诺言；指望 vt.允诺,CET4,
promote,促进， 增进， 发扬； 提升； 宣传， 推销,CET4,
prompt,敏捷的，及时的；促使，推动；提示；提示台词， 提示,CET4,
pronoun,代词,CET4,
pronounce,vt.发…的音；宣布,CET4,
pronunciation,n.发音(法),CET4,
proof,耐…的， 能防…的；证据，证明；校样，样张,CET4,
proper,a.适合的；合乎体统的,CET4,
properly,ad.适当地；彻底地,CET4,
property,财产， 所有物； 房产； 物业； 性质， 性能,CET4,
proportion,比例； 部分， 份儿； 均衡， 相称,CET4,
proportional,比例的， 成比例的,CET4,
proposal,提议， 建议； 求婚,CET4,
propose,提议， 建议， 提出； 提名， 推荐； 打算， 计划； 求婚,CET4,
prospect,勘探， 勘察；前景， 前途， 可能性； 景象， 景色； 可能成为主顾的人； 有希望的候选人,CET4,
prosperity,繁荣， 兴旺,CET4,
prosperous,繁荣的， 兴旺的,CET4,
protect,vt.保护，保卫，警戒,CET4,
protection,保护， 防护,CET4,
protective,保护的， 防护的,CET4,
protein,蛋白质,CET4,
protest,抗议， 反对；抗议， 反对,CET4,
protocol,礼仪， 礼节； 草案， 议定书,CET4,
proud,a.骄傲的；自豪的,CET4,
prove,证实， 证明； 结果是,CET4,
provide,提供， 供给,CET4,
provided,假如， 若是,CET4,
providing,倘若,CET4,
province,省； 领域， 范围,CET4,
provision,供应； 准备； 条款， 规定； 给养， 口粮,CET4,
provocation,激怒， 刺激； 挑衅， 挑拨,CET4,
provoke,对…挑衅， 激怒； 激起， 引起,CET4,
psychological,心理的,CET4,
public,a.公众的 n.公众,CET4,
publication,出版， 发行； 公布， 发表,CET4,
publicity,公众的注意， 名声； 宣传， 宣扬,CET4,
publish,公布， 发表； 出版， 刊印,CET4,
puff,n.(一)喷，(一)吹,CET4,
pull,vt.拉，拖；拉，拉力,CET4,
pulse,搏动， 跳动；脉搏；脉冲,CET4,
pump,泵；抽， 泵送， 打气,CET4,
punch,猛击；穿孔；猛击； 冲床； 穿孔机； 力量， 效力,CET4,
punctual,严守时刻的， 准时的,CET4,
punish,vt.罚，惩罚，处罚,CET4,
punishment,n.罚，惩罚，处罚,CET4,
pupil,n.学生，小学生；n.瞳孔,CET4,
puppet,n.木偶，玩偶；傀儡,CET4,
purchase,买，购买；购买； 购买的物品,CET4,
pure,a.纯粹的；纯洁的,CET4,
purely,ad.纯粹地，完全地,CET4,
purple,紫的；紫色,CET4,
purpose,n.目的；意图；效果,CET4,
purse,钱包， 女用小提包,CET4,
pursue,继续； 从事； 追赶， 追踪； 追求,CET4,
push,vt.推，逼迫 vi.推,CET4,
put,vt.放，摆；使处于,CET4,
puzzle,迷惑，为难；苦思；智力测验； 谜， 难题， 令人费解的事； 困惑， 迷惑,CET4,
qualification,资格， 资格证明， 合格证书； 限制， 限定,CET4,
qualify,胜任， 具有资格， 合格； 限定,CET4,
quality,n.质量；品质，特性,CET4,
quantity,n.量，数量，分量,CET4,
quarrel,n.争吵，吵架，口角,CET4,
quarter,n.四分之一；一刻钟,CET4,
queen,n.王后；女王,CET4,
question,n.发问；问题；疑问,CET4,
queue,排队等候；长队，行列,CET4,
quick,a.快的；敏捷的,CET4,
quicken,vt.加快 vi.加快,CET4,
quickly,ad.快，迅速,CET4,
quiet,a.寂静的；安静的,CET4,
quilt,n.被(子),CET4,
quit,停止， 放弃； 离开， 辞,CET4,
quite,ad.完全；相当；的确,CET4,
quiz,智力竞赛，问答比赛；小测验；考查， 盘问,CET4,
quotation,引文， 引语， 语录； 报价， 牌价， 行情,CET4,
quote,引用，援引；引文， 引语； 报价， 牌价； 引号,CET4,
rabbit,n.兔子，野兔,CET4,
race,n.比赛，竞赛，竞争；n.人种，种族，民族,CET4,
racial,种族的， 人种的,CET4,
rack,挂架，搁架；使痛苦， 折磨； 尽力使用,CET4,
radar,雷达,CET4,
radiation,放射物， 辐射能； 辐射,CET4,
radical,根本的，基本的；激进的，激进派的；激进分子,CET4,
radio,n.无线电；收音机,CET4,
radioactivity,n.放射性，放射(现象),CET4,
radish,n.小萝卜,CET4,
radium,n.镭,CET4,
rag,破布， 碎布； 破旧衣服,CET4,
rage,狂吹； 汹涌； 激烈进行； 发怒， 发火；狂怒，盛怒；风靡一时的事物，时尚,CET4,
raid,袭击； 突入查抄， 突入搜捕； 劫掠,CET4,
rail,责骂， 抱怨；栏杆，横杆；铁轨，轨道；铁路,CET4,
railroad,铁路；由铁路运输,CET4,
railway,铁路,CET4,
rain,n.雨，雨水 vi.下雨,CET4,
rainbow,虹， 彩虹,CET4,
rainy,a.下雨的，多雨的,CET4,
raise,vt.举起；引起；提高,CET4,
rake,n.耙子 vi.耙；搜索,CET4,
rally,集合， 团结； 恢复， 重新振作；集会；公路汽车赛,CET4,
range,变动； 漫游， 四处搜索； 使排列成行；一系列；范围；射程，距离；脉；射击场,CET4,
rank,给…评定等级； 列入， 占特定等级；军衔，职衔；地位，社会阶层；排，行列,CET4,
rapid,a.快的 n.急流,CET4,
rapidly,ad.迅速地,CET4,
rare,稀有的， 冷僻的； 珍奇的； 出类拔萃的； 稀薄的； 煎得嫩的,CET4,
rarely,很少， 难得,CET4,
rat,鼠,CET4,
rate,被评价； 被列入特定级别；速度，速率；比率；价格，费用；等级；评估；给…定级，把…列为；值得，应得,CET4,
rather,ad.宁可，宁愿；相当,CET4,
ratio,比， 比率,CET4,
rational,理性的， 理智的； 合理的,CET4,
raw,自然状态的， 未加工过的； 生的； 未经分析的， 原始的； 生疏无知的， 未经训练的； 露肉而刺痛的,CET4,
ray,n.光线，射线，辐射线,CET4,
razor,n.剃刀,CET4,
reach,vt.抵达；伸出 vi.达到,CET4,
react,反应， 作出反应,CET4,
reaction,反应； 反作用,CET4,
read,vt.读，看懂 vi.读,CET4,
reader,n.读者；读物，读本,CET4,
readily,乐意地， 欣然地； 容易地； 很快地， 立即,CET4,
reading,n.读，阅读；读书,CET4,
ready,a.准备好的；愿意的,CET4,
real,a.真的；现实的,CET4,
realistic,现实的； 实际可行的； 现实主义的； 逼真的,CET4,
reality,现实， 实际； 真实,CET4,
realize,vt.实现；认识到,CET4,
really,ad.真正地；实在,CET4,
realm,界， 领域， 范围； 王国， 国度,CET4,
rear,后部的，背后的；后部，背面；后方；抚养， 饲养； 种植,CET4,
reason,n.理由；理性 vi.推理,CET4,
reasonable,通情达理的， 讲道理的； 合理的； 公道的； 尚好的， 过得去的,CET4,
rebel,反叛， 造反； 反对， 不服从；反叛分子， 反对者,CET4,
rebuild,重建， 改造； 复原,CET4,
recall,回忆； 召回， 叫回； 收回， 撤销,CET4,
receipt,发票， 收据； 收入， 进款； 收到， 接到,CET4,
receive,vt.收到；得到；接待,CET4,
receiver,听筒； 接收器,CET4,
recent,a.新近的，最近的,CET4,
recently,最近， 新近,CET4,
reception,招待会， 欢迎会； 接受； 接待； 接收效果,CET4,
recession,衰退， 衰退期,CET4,
reckon,认为， 估计； 指望， 盼望； 测算， 测量,CET4,
recognition,认出， 识别； 承认； 赏识， 表彰， 报偿,CET4,
recognize,认出， 识别； 承认； 赏识， 表彰， 报偿,CET4,
recollect,vt.回忆，追忆，想起,CET4,
recommend,推荐， 举荐； 劝告， 建议； 使成为可取； 使受欢迎,CET4,
recommendation,推荐， 推荐信； 建议； 优点， 可取之处,CET4,
record,n.记录；履历 vt.记录,CET4,
recorder,录音机， 录像机； 记录装置， 记录仪,CET4,
recover,重新获得， 挽回； 恢复,CET4,
recovery,恢复， 痊愈； 追回， 寻回， 收复,CET4,
recreation,娱乐活动， 消遣,CET4,
recreational,休养的； 娱乐的,CET4,
recruit,招募，吸收；新兵； 新成员,CET4,
red,a.红色的 n.红色,CET4,
reduce,vt.减少，减小；简化,CET4,
reduction,减少， 缩小； 下降， 降低,CET4,
reed,n.芦苇，芦杆，芦丛,CET4,
refer,vt.使求助于 vi.谈到,CET4,
reference,提到， 论及； 参考； 引文； 参考书目； 证明书， 证明人,CET4,
refine,精炼， 精制， 提纯； 使优美， 使完善,CET4,
reflect,反映， 显示； 反射， 映现； 深思， 考虑， 反省,CET4,
reflection,映像， 倒影； 反射； 反映， 表达； 非议； 沉思， 反省,CET4,
reflexion,n.反射；映象；反映,CET4,
reform,改革， 改良， 改造； 改正， 改过自新,CET4,
refresh,振作精神， 恢复活力,CET4,
refrigerator,冰箱， 冷藏库,CET4,
refugee,难民,CET4,
refusal,拒绝,CET4,
refuse,vt.拒绝 vt.拒绝,CET4,
regard,vt.把…看作；尊敬,CET4,
regarding,关于,CET4,
regardless,不顾后果地； 不管怎样， 无论如何,CET4,
region,地区， 地带， 区域； 范围， 幅度,CET4,
register,登记， 注册； 指示， 自动记下； 流露； 表示， 表达； 把挂号；登记；登记表,CET4,
regret,vt.懊悔；抱歉 n.懊悔,CET4,
regular,a.规则的；整齐的,CET4,
regularly,ad.有规律地,CET4,
regulate,管理， 控制； 调整， 调节,CET4,
regulation,规章， 规则； 管理， 控制； 调节,CET4,
reinforce,增强， 加强， 增援,CET4,
reject,拒绝； 拒纳， 退回；次品,CET4,
relate,有关， 涉及； 符合； 相处；使有关联；讲述，叙述,CET4,
relation,n.关系，联系；家属,CET4,
relationship,关系， 关联,CET4,
relative,有关系的，相对的；亲属， 亲戚,CET4,
relatively,ad.相对地，比较地,CET4,
relativity,相对论； 相关性,CET4,
relax,放松， 松弛； 放宽， 缓和,CET4,
release,释放， 排放； 解除， 解脱； 放开， 松开； 发布； 发行,CET4,
relevant,有关的， 切题的,CET4,
reliability,n.可靠性,CET4,
reliable,可靠的， 可信赖的,CET4,
relief,轻松， 宽慰； 缓解； 调剂， 消遣； 接替,CET4,
relieve,使轻松， 使宽慰， 缓解； 使得到调剂； 接替,CET4,
religion,宗教， 宗教信仰,CET4,
religious,宗教的； 笃信宗教的， 虔诚的,CET4,
reluctant,不情愿的， 勉强的,CET4,
rely,依靠， 依赖； 信赖， 指望,CET4,
remain,剩下，余留；保持；仍然是；残余； 残骸； 遗迹,CET4,
remains,n.残余，余额；废墟,CET4,
remark,说；评论说；话语； 谈论， 评论,CET4,
remarkable,值得注意的， 引人注目的； 异常的， 非凡的,CET4,
remedy,补救办法，纠正办法；药品；治疗法；补救， 纠正； 医治， 治疗,CET4,
remember,vt.记得，想起；记住,CET4,
remind,提醒， 使想起,CET4,
remonstrate,抗议,CET4,
remote,遥远的； 偏僻的； 关系疏远的； 脱离的； 微乎其微的； 孤高的， 冷淡的； 遥控的,CET4,
removal,除去， 消除； 移动， 搬迁,CET4,
remove,vt.移动，搬开；脱掉,CET4,
render,使得， 致使； 给予， 提供； 翻译,CET4,
renew,重新开始， 继续； 更新； 恢复； 延长有效期,CET4,
rent,租借，租用；出租，出借；租金； 出租,CET4,
repair,vt.&n.修理，修补,CET4,
repeat,vt.重说，重做 n.重复,CET4,
repeatedly,一再， 再三， 多次地,CET4,
repent,vi.悔悟，悔改 vt.后悔,CET4,
repetition,重复， 反复,CET4,
replace,代替， 取代； 更换， 调换； 把…放回原处,CET4,
replacement,代替， 取代； 更换， 调换； 替代的人,CET4,
reply,vi.&n.回答，答复,CET4,
report,vt.&vi.报告；汇报,CET4,
reporter,记者,CET4,
represent,作为…的代表； 表示， 象征； 描绘， 表现,CET4,
representative,有代表性的， 典型的；代表，代理人,CET4,
reproduce,复制， 再现； 繁殖， 生殖,CET4,
republic,n.共和国，共和政体,CET4,
republican,共和政体的；共和党的；共和党人,CET4,
reputation,名誉， 名气， 名声,CET4,
request,n.&v.请求，要求,CET4,
require,需要； 要求； 命令,CET4,
requirement,要求； 必要条件； 需要， 需要的东西,CET4,
rescue,营救， 救援,CET4,
research,n.&vi.调查，探究,CET4,
researcher,n.调查者；探究者,CET4,
resemble,像， 类似于,CET4,
reservation,预订； 保留； 犹豫； 保留地,CET4,
reserve,保留，留存；预订；储备； 保留； 拘谨， 矜持； 替补队员， 后备部队； 自然保护区,CET4,
reservoir,水库， 蓄水池； 储藏， 汇集,CET4,
residence,住处， 住宅； 居住； 居住资格,CET4,
resident,居住的， 定居的； 住校的， 住院的；居民，定居者；住院医生,CET4,
resign,辞职；辞去， 放弃； 使听从， 使顺从,CET4,
resignation,n.放弃，辞职，反抗,CET4,
resist,抵抗， 反抗， 抵制； 抗， 耐； 忍住， 拒受…的影响,CET4,
resistance,反抗， 抵制； 抵抗力， 抵抗性； 阻力； 电阻,CET4,
resistant,抵抗的， 抗…的， 耐…的,CET4,
resolution,正式决定， 决议； 决心， 决意； 解决， 解答； 分辨率， 清晰度,CET4,
resolve,解决， 解答； 决定， 决意,CET4,
resort,求助，凭借，诉诸；求助， 凭借， 诉诸； 求助的对象， 采用的手段； 常去之地， 胜地,CET4,
resource,资源； 财力； 应付办法， 谋略,CET4,
respect,尊敬；尊重；问候；方面；尊敬； 尊重,CET4,
respectful,a.恭敬的，尊重的,CET4,
respective,各自的， 各个的， 分别的,CET4,
respectively,各自地， 各个地， 分别地,CET4,
respond,回答， 答复； 作出反应， 响应,CET4,
respondent,回答者； 响应者； 被告,CET4,
response,回答， 答复； 反应， 响应,CET4,
responsibility,责任， 责任心； 职责， 义务,CET4,
responsible,需负责任的， 承担责任的； 有责任感的， 负责可靠的； 责任重大的， 重要的,CET4,
responsive,响应的； 敏感的， 易受影响的,CET4,
rest,n.休息；安静；静止；n.剩余部分；其余的人,CET4,
restaurant,n.餐馆，饭店，菜馆,CET4,
restless,焦躁不安的； 静不下来的， 运动不止的,CET4,
restore,恢复， 使回复； 修复， 整修； 归还， 交还,CET4,
restrain,阻止， 控制； 抑制， 遏制,CET4,
restraint,抑制， 限制， 克制； 约束措施， 约束条件,CET4,
restrict,限制， 约束， 限定,CET4,
restriction,n.限制，限定，约束,CET4,
result,发生； 结果；结果；成果；比分,CET4,
resume,重新开始， 继续， 恢复；摘要， 概要； 简历,CET4,
retain,保留， 保持,CET4,
retell,vt.再讲，重述，复述,CET4,
retire,退休， 退役； 退下， 退出， 撤退； 就寝,CET4,
retreat,退却， 撤退； 退避， 退缩,CET4,
return,vi.&n.回来，返回,CET4,
reveal,揭露， 泄露； 展现， 显示,CET4,
revenue,收入， 收益； 税收， 岁入,CET4,
reverse,撤销，推翻；反向，倒转；彻底改变；反向的， 相反的， 倒转的；相反，对立面；反面，背面，后面；挫折，逆境,CET4,
review,vt.再检查 n.复习,CET4,
revise,修订， 修改； 复习,CET4,
revolt,反叛，起义；反抗，违抗；厌恶，生反感；反叛， 起义,CET4,
revolution,n.革命；旋转，绕转,CET4,
revolutionary,革命的，革新的；革命者,CET4,
reward,报答，奖赏；报酬，酬金；报答， 酬谢， 奖励,CET4,
rhythm,韵律， 节奏,CET4,
rib,肋骨,CET4,
ribbon,缎带， 丝带； 色带,CET4,
rice,n.稻，米，饭,CET4,
rich,a.富的，丰富的,CET4,
rid,使摆脱， 解除…的负担， 从…中清除,CET4,
riddle,n.谜，谜语,CET4,
ride,vi.&n.骑马，乘车,CET4,
rider,n.骑马的人；乘车的人,CET4,
ridge,脊， 山脊； 垄， 埂， 脊状突起,CET4,
ridiculous,荒谬的， 可笑的,CET4,
rifle,来复枪， 步枪,CET4,
right,a.正确的 ad.对，正好,CET4,
rigid,严格的； 死板的； 刚硬的， 僵硬的,CET4,
ring,n.环形物(如圈、环等)；vi.鸣；按铃 n.铃声,CET4,
riot,聚众闹事；暴乱，骚乱；极度丰富；把浪费在放荡的生活上,CET4,
ripe,熟的； 时机成熟的,CET4,
ripen,vt.使熟 vi.成熟,CET4,
rise,vi.起立；升起；上涨,CET4,
risk,危险，风险；引起危险的事物；冒…的危险， 使遭受危险,CET4,
rival,竞争的，对抗的；竞争对手，敌手；可与匹敌的人；与 …竞争； 与…匹敌， 比得上,CET4,
river,n.江，河，水道,CET4,
road,n.路，道路，公路,CET4,
roar,吼叫，怒号，咆哮；轰鸣；大声喊出，大声表示；呐喊声， 咆哮声， 吼叫声； 轰鸣,CET4,
roast,烤，炙，烘；烤过的， 烘过的；烤肉,CET4,
rob,抢劫， 盗窃,CET4,
robber,n.强盗，盗贼,CET4,
robbery,n.抢劫，劫掠，盗取,CET4,
robe,n.长袍，长衣，浴衣,CET4,
robot,n.机器人；自动机,CET4,
rock,vt.摇，使动摇 vi.摇；n.岩，岩石；石头,CET4,
rocket,迅速上升， 猛涨；火箭,CET4,
rod,杆， 棒,CET4,
role,n.角色，作用，任务,CET4,
roll,vi.&vt.滚动；转动,CET4,
roller,滚筒， 滚轴,CET4,
roman,n.古罗马人 a.罗马的,CET4,
romantic,浪漫的； 多情的； 有浪漫色彩的， 传奇性的； 不切实际的， 空想的,CET4,
roof,n.屋顶，车顶；顶,CET4,
room,n.房间；地位；余地,CET4,
root,n.根，根子 vi.生根,CET4,
rope,绳，索；用绳捆,CET4,
rose,n.蔷薇花，蔷薇科植物,CET4,
rotate,旋转， 转动； 轮流,CET4,
rotation,n.旋转，转动；循环,CET4,
rotten,腐烂的； 令人不愉快的； 糟糕的,CET4,
rough,a.表面不平的；粗略的,CET4,
roughly,ad.粗糙地，粗略地,CET4,
round,a.圆的 n.兜圈；一轮,CET4,
rouse,惊起； 唤起； 唤醒,CET4,
route,路线， 路程,CET4,
routine,例行的， 常规的；例行公事，惯例，惯常的程序,CET4,
row,n.(一)排，(一)行；vt.划(船等) vi.划船,CET4,
royal,王室的， 皇家的,CET4,
rub,擦， 摩擦,CET4,
rubber,n.橡皮(擦子)；橡胶,CET4,
rubbish,n.垃圾，废物；废话,CET4,
rude,粗鲁的， 不礼貌的； 粗糙的， 粗陋的,CET4,
rug,地毯,CET4,
ruin,毁坏；毁灭；废墟,CET4,
rule,n.统治；规定；习惯,CET4,
ruler,n.统治者；尺，直尺,CET4,
rumour,谣传， 谣言,CET4,
run,vi.跑，奔；行驶；流,CET4,
runner,n.赛跑的人,CET4,
rural,农村的， 乡村的,CET4,
rush,vi.冲，奔 vt.催促,CET4,
russian,a.俄罗斯的 n.俄国人,CET4,
rust,生锈， 氧化；铁锈,CET4,
rusty,a.生锈的；变迟钝的,CET4,
sack,麻袋，包；解雇；洗劫，劫掠；解雇； 洗劫， 劫掠,CET4,
sacrifice,牺牲，舍身；献祭，供奉；牺牲； 供奉； 祭品,CET4,
sad,a.悲哀的，令人悲痛的,CET4,
saddle,鞍，鞍状物；车座；给…装鞍； 使承担任务,CET4,
sadly,ad.悲痛地，悲哀地,CET4,
sadness,n.悲痛，悲哀,CET4,
safe,a.安全的；谨慎的；n.保险箱,CET4,
safely,ad.安全地；可靠地,CET4,
safety,n.安全，保险,CET4,
sail,n.帆；船 vi.航行,CET4,
sailor,水手， 海员,CET4,
saint,圣徒； 圣人， 道德高尚的人； [用于人名或地名等前]圣,CET4,
sake,缘故， 理由,CET4,
salad,色拉， 凉拌菜,CET4,
salary,薪金， 薪水,CET4,
sale,n.卖；拍卖；销售额,CET4,
salesman,售货员， 推销员,CET4,
salt,n.盐；盐类 vt.加盐于,CET4,
same,a.同一的，相同的,CET4,
sample,样品，试样，样本；从…抽样； 品尝， 体验,CET4,
sanction,批准，认可；批准， 认可； 约束因素， 约束力；  国际制裁,CET4,
sand,n.沙，沙子；沙滩,CET4,
sandwich,n.三明治 vt.夹入,CET4,
sandy,n.沙的，含沙的,CET4,
satellite,卫星， 人造卫星,CET4,
satisfaction,n.满意；快事；赔偿,CET4,
satisfactory,令人满意的,CET4,
satisfy,vt.满足；使满意,CET4,
saturday,n.星期六,CET4,
sauce,调味汁， 作料,CET4,
saucer,茶托， 碟子,CET4,
sausage,香肠， 腊肠,CET4,
save,vt.救；节省；储蓄,CET4,
saving,节省， 节约； 储蓄金， 存款,CET4,
saw,n.锯子 vt.锯，锯开,CET4,
say,vt.说；说明；比如说,CET4,
scale,大小，规模；等级，级别；天平，磅秤；比例；刻度，标度；鳞；攀登， 爬越,CET4,
scan,细看，审视；扫描，浏览；扫描,CET4,
scandal,丑事， 丑闻； 流言蜚语； 反感， 愤慨,CET4,
scarce,缺乏的， 不足的； 稀少的， 罕见的,CET4,
scarcely,几乎不， 简直不； 决不； 刚刚， 才,CET4,
scare,吓， 使害怕； 受惊吓， 感到害怕；惊恐，恐慌,CET4,
scarf,n.围巾，头巾；领带,CET4,
scary,引起惊慌的,CET4,
scatter,撒， 散播； 散开， 驱散,CET4,
scene,n.发生地点；道具,CET4,
scenery,风景， 景色； 舞台布景,CET4,
schedule,时刻表，日程安排表；清单，明细表；安排， 排定,CET4,
scheme,密谋， 策划；计划，方案；阴谋,CET4,
scholar,学者； 奖学金获得者,CET4,
scholarship,奖学金； 学问， 学识,CET4,
school,n.学校；学院；学派,CET4,
science,n.科学，科学研究,CET4,
scientific,科学的,CET4,
scientist,n.(自然)科学家,CET4,
scissors,剪刀,CET4,
scold,责骂， 训斥,CET4,
scope,范围； 余地， 机会,CET4,
score,得， 给…打分； 画线于， 做记号于； 赢得；得分，比数，成绩；二十,CET4,
scout,侦察， 寻找；侦察员，侦察机，侦察舰；童子军,CET4,
scrape,刮，擦；刮， 擦； 刮擦声,CET4,
scratch,抓，搔，扒；刮，擦；刻出；抓痕， 划痕； 抓， 搔， 刮,CET4,
scream,尖叫，呼啸；尖叫声,CET4,
screen,屏幕，银幕；屏风；帘，纱窗；掩蔽， 遮蔽； 放映， 播放； 审查， 甄别,CET4,
screw,螺丝；固定， 拧紧,CET4,
script,剧本， 广播稿； 书写用的字母； 笔迹， 手迹,CET4,
sea,n.海，海洋,CET4,
seal,封铅，封条；印，图章；海豹；封,CET4,
seaman,n.海员，水手；水兵,CET4,
seaport,n.海港，港市,CET4,
search,vt.在…中搜寻，搜查,CET4,
season,n.季，季节，时节,CET4,
seat,n.座；座部 vt.使坐下,CET4,
second,num.第二 a.二等的；n.秒,CET4,
secondary,次要的， 第二的； 中等的； 辅助的， 从属的,CET4,
secondly,ad.第二(点)；其次,CET4,
secret,a.秘密的；隐蔽的,CET4,
secretary,n.秘书；书记；大臣,CET4,
section,部分， 章节； 部门， 科； 截面， 剖面,CET4,
sector,部门， 部分； 防御地段， 防区； 扇形,CET4,
secure,安全的，可靠的；牢固的，稳固的；无忧虑的，安心的；得到， 获得； 使安全， 保卫； 缚牢,CET4,
security,安全， 保障； 抵押品； 证券,CET4,
see,vt.看见；遇见；看出,CET4,
seed,n.种(子)，籽，萌芽,CET4,
seek,vt.寻找，探索；试图,CET4,
seem,vi.好像，似乎,CET4,
segment,部分， 片段； 瓣,CET4,
seize,vt.抓住，逮捕；夺取,CET4,
seldom,ad.很少，不常，难得,CET4,
select,精选的， 挑选出来的； 优等的， 第一流的；选择，挑选,CET4,
selection,选择， 挑选； 被挑选出来的人， 精选品； 可供选择的东西,CET4,
self,n.自我，自己,CET4,
selfish,自私的， 利己的,CET4,
sell,vt.&vi.卖，销售,CET4,
seller,n.卖者；行销货,CET4,
semester,学期,CET4,
semiconductor,半导体,CET4,
seminar,研究班， 研讨会,CET4,
senate,参议院， 上院,CET4,
senator,参议员,CET4,
send,vt.送，寄发；派遣,CET4,
senior,资格较老的，地位较高的；年长的；较年长者； 毕业班学生,CET4,
sense,n.感官；感觉；见识,CET4,
sensible,明智的； 合情理的； 有知觉的,CET4,
sensitive,敏感的， 灵敏的， 神经过敏的； 容易生气的， 易受伤害的,CET4,
sentence,n.判决；句子 vt.宣判,CET4,
separate,a.分离的；个别的,CET4,
separately,ad.分离地,CET4,
separation,n.分离，分开/居,CET4,
september,n.九月,CET4,
sequence,连续， 接续， 一连串； 次序， 顺序,CET4,
series,一系列， 连续； 丛书， 连续剧,CET4,
serious,a.严肃的；认真的,CET4,
seriously,ad.严肃地，认真地,CET4,
servant,n.仆人，佣人，雇工,CET4,
serve,vt.为…服务；招待,CET4,
service,n.服务；行政部门,CET4,
session,会议， 一届会期； 集会,CET4,
set,vt.放；安置 vi.落,CET4,
setting,环境， 背景， 布景； 调节， 设定的位置,CET4,
settle,安排， 安放； 调停； 支付， 核算； 安家； 飞落， 停留； 安定,CET4,
settlement,解决； 协议； 居留地,CET4,
seven,num.七，七个(人或物),CET4,
seventeen,num.十七，十七个,CET4,
seventh,num.第七；七分之一,CET4,
seventy,num.七十，七十个,CET4,
several,a.几个，数个,CET4,
severe,严重的； 严厉的， 严格的； 严峻的， 艰难的； 朴素的， 不加装饰的,CET4,
severely,ad.严厉地，严格地,CET4,
sew,缝制， 缝纫,CET4,
sex,n.性别，性,CET4,
sexism,性别偏见， 性别歧视,CET4,
sexual,性的， 两性的； 性别的,CET4,
shade,n.荫；遮光物 vi.荫蔽,CET4,
shadow,n.阴影，阴，影子,CET4,
shady,a.成荫的，阴凉的,CET4,
shake,vt.摇，使震动 n.摇动,CET4,
shall,aux.v.将要；必须；应,CET4,
shallow,浅的；浅薄的；浅滩， 浅水处,CET4,
shame,n.羞耻，羞愧；羞辱,CET4,
shampoo,vt.用洗发剂洗 n.洗头,CET4,
shape,n.形状；情况 vt.形成,CET4,
share,n.份；份额；股份,CET4,
sharp,a.锋利的；敏锐的,CET4,
sharpen,vt.削尖，使敏锐,CET4,
sharply,ad.锐利地，敏锐地,CET4,
shave,剃，刮，刨，削；修面，刮脸；修面， 刮脸,CET4,
she,pron.(主格)她,CET4,
shear,vt.剪；剥夺 vi.剪,CET4,
shed,脱落，脱去；流出，流下；发出，散发；棚， 小屋， 货棚,CET4,
sheep,n.羊，绵羊,CET4,
sheer,垂直地，陡峭地；急转向， 偏离；完全的，十足的；陡峭的，垂直的；极薄的，透明的,CET4,
sheet,n.被单；纸张；薄板,CET4,
shelf,n.搁板，架子,CET4,
shell,壳，贝壳；外壳，框架；炮弹；剥…的壳； 炮击,CET4,
shelter,掩蔽处，躲避处；住所；掩蔽，保护；掩蔽， 庇护； 躲避,CET4,
shield,防护物，护罩；盾；保护， 防护,CET4,
shift,移动，转移；改变，转变；转换， 转变； 轮班,CET4,
shilling,n.先令,CET4,
shine,vi.照耀，发光 n.光,CET4,
ship,n.(大)船，海船，舰,CET4,
shirt,n.(男式)衬衫,CET4,
shiver,战栗， 颤抖,CET4,
shock,n.冲击；震惊 vi.震动,CET4,
shoe,n.鞋,CET4,
shoot,vt.发射；射中 n.发芽,CET4,
shop,n.商店，店铺；车间,CET4,
shopkeeper,n.店主,CET4,
shopping,n.买东西，购物,CET4,
shore,n.滨，岸,CET4,
short,a.短的；短期的,CET4,
shortage,不足， 缺少,CET4,
shortcoming,短处， 缺点,CET4,
shortly,立刻， 不久； 不耐烦地； 简短地,CET4,
shot,n.发射；弹丸；射门,CET4,
should,aux.v.将；万一；就,CET4,
shoulder,n.肩，肩膀；挑起,CET4,
shout,n.&vi.呼喊，喊叫,CET4,
show,vt.给…看；表明,CET4,
shower,n.阵雨；(一)阵；淋浴,CET4,
shriek,vi.尖声喊叫 n.尖叫声,CET4,
shrink,起皱； 收缩； 退缩， 畏缩,CET4,
shrug,耸肩,CET4,
shut,vt.关上，闭上，关闭,CET4,
shy,a.易受惊的；害羞的,CET4,
sick,a.有病的；恶心的,CET4,
sickness,n.疾病,CET4,
side,n.边，旁边；一方,CET4,
sideways,从一边， 向一边； 在一边； 斜着， 侧身,CET4,
sigh,叹气， 叹息；叹息,CET4,
sight,n.视力；见；情景,CET4,
sightseeing,观光， 游览,CET4,
sign,n.符号；招牌 n.签名,CET4,
signal,显著的， 重大的；信号，暗号；标志，表示；发信号；标志着,CET4,
signature,署名， 签字， 签名,CET4,
significance,意义， 含义； 重要性， 重大,CET4,
significant,相当数量的； 重要的， 意义重大的， 意味深长的,CET4,
silence,n.沉默 vt.使沉默,CET4,
silent,a.沉默的；寂静无声的,CET4,
silk,n.蚕丝，丝，丝织品,CET4,
silly,a.傻的，愚蠢的,CET4,
silver,n.银；银子；银器,CET4,
similar,相似的， 类似的,CET4,
similarly,类似地， 相似地,CET4,
simple,a.简单的；朴素的,CET4,
simplicity,简单， 简易； 朴素,CET4,
simplify,简化， 使简明,CET4,
simply,ad.简单地；朴素地,CET4,
sin,犯戒律， 犯过失；罪，罪孽,CET4,
since,conj.从…以来；因为,CET4,
sincere,真诚的， 诚挚的,CET4,
sing,vi.&vt.唱，演唱,CET4,
singer,n.歌唱家，歌手,CET4,
single,单一的；独身的；单程的；单程票；,CET4,
singular,单数的； 非凡的， 奇特的； 独一无二的,CET4,
sink,vi.下沉；下垂；降低,CET4,
sir,n.先生，阁下；…爵士,CET4,
sister,n.姐妹，姐，妹,CET4,
sit,vi.坐，就坐 vt.使坐,CET4,
site,地点，场所；使坐落在； 设置,CET4,
situation,n.位置；处境；形势,CET4,
six,num.六，六个,CET4,
sixteen,num.十六，十六个,CET4,
sixth,num.第六；六分之一,CET4,
sixty,num.六十，六十个,CET4,
size,n.大小；体积；尺码,CET4,
skate,n.冰鞋；滑冰 vi.滑冰,CET4,
sketch,绘…的略图， 画…的素描； 概述；略图；梗概；素描，速写,CET4,
ski,n.滑橇 vi.滑雪,CET4,
skill,n.技能，技巧；熟练,CET4,
skilled,有技能的； 熟练的； 需要技能的,CET4,
skillful,灵巧的， 娴熟的,CET4,
skim,撇去， 掠过， 擦过； 浏览， 略读,CET4,
skin,n.皮；兽皮；外皮,CET4,
skirt,n.女裙；边缘；郊区,CET4,
sky,n.天，天空,CET4,
slam,砰地关上；猛力拉，砰地放下；猛烈抨击；砰的一声,CET4,
slap,掴，掌击，拍；啪的一声放；掴， 掌击， 拍,CET4,
slave,n.奴隶；苦工,CET4,
slavery,n.奴隶制度；苦役,CET4,
sleep,n.睡眠 vi.睡 vt.睡,CET4,
sleepy,a.想睡的；寂静的,CET4,
sleeve,袖子， 袖套,CET4,
slender,细长的， 苗条的； 微薄的， 不足的,CET4,
slice,薄片，切片；部分；切， 削,CET4,
slide,滑；悄悄地移动；滑动； 滑道， 滑面； 幻灯片,CET4,
slight,轻微的，微小的；侮慢；轻视，冷落,CET4,
slightly,ad.稍微，有点,CET4,
slim,苗条的；薄的；少的；减轻体重， 变苗条,CET4,
slip,滑跤，滑落，溜；下降，跌落；悄悄放进；疏漏， 差错,CET4,
slipper,n.拖鞋，便鞋,CET4,
slippery,滑的； 狡猾的,CET4,
slit,n.裂缝 vt.切开，撕开,CET4,
slope,倾斜；倾斜；斜面,CET4,
slow,a.慢的；迟钝的,CET4,
slowly,ad.慢慢地,CET4,
sly,a.狡猾的；躲躲闪闪的,CET4,
small,a.小的，少的；小型的,CET4,
smart,a.巧妙的；洒脱的,CET4,
smash,粉碎，打烂；狠打，猛击；破灭，失败；猛撞，猛冲；破碎 ； 猛击， 猛撞； 轰动的演出， 巨大的成功,CET4,
smell,n.嗅觉；气味 vt.嗅,CET4,
smile,vi.微笑 n.微笑，笑容,CET4,
smog,n.烟雾,CET4,
smoke,n.烟；抽烟 vi.冒烟,CET4,
smooth,a.平滑的；平静的,CET4,
smoothly,ad.光滑地；平稳地,CET4,
snake,n.蛇,CET4,
snap,咔嚓折断，啪地绷断；吧嗒一声；猛咬；厉声说话，怒声责骂；仓促的， 突然的；吧嗒声；快照,CET4,
snow,n.雪 vi.下雪,CET4,
snowstorm,n.雪暴，暴风雪,CET4,
snowy,a.雪的，下雪的,CET4,
so,ad.这样；这么；非常,CET4,
so-called,所谓的， 号称的,CET4,
soak,浸， 泡,CET4,
soap,n.肥皂,CET4,
soar,猛增， 剧增； 高飞， 升腾； 高涨； 高耸， 屹立,CET4,
sob,vi.&n.啜泣，呜咽,CET4,
soccer,n.英式足球,CET4,
social,社会的； 交际的， 社交的,CET4,
socialism,社会主义,CET4,
socialist,社会主义者,CET4,
society,n.社会；团体；社交界,CET4,
sociology,社会学,CET4,
sock,n.短袜,CET4,
soda,碳酸钠， 纯碱； 汽水， 苏打水,CET4,
soft,a.软的；柔和的,CET4,
softly,ad.柔软地；温柔地,CET4,
software,软件,CET4,
soil,n.泥土，土壤，土地；vt.弄脏 vi.变脏,CET4,
solar,太阳的， 日光的； 太阳能的,CET4,
soldier,n.(陆军)士兵，军人,CET4,
sole,单独的， 唯一的；脚底，鞋底，袜底,CET4,
solely,ad.单独地，唯一地,CET4,
solemn,庄严的， 隆重的； 严肃的,CET4,
solicitor,律师， 法律顾问,CET4,
solid,a.固体的 n.固体,CET4,
solution,解决； 解决办法； 溶液,CET4,
solve,解答； 解释； 解决,CET4,
some,a.&pron.一些，若干,CET4,
somebody,pron.某人，有人,CET4,
somehow,由于某种原因， 不知怎么的； 以某种方式,CET4,
someone,pron.某人，有人,CET4,
something,pron.某事，某物,CET4,
sometime,ad.在某一时候；从前,CET4,
sometimes,ad.不时，有时,CET4,
somewhat,有点儿；一点儿,CET4,
somewhere,ad.在某处 n.某地,CET4,
son,n.儿子,CET4,
song,n.歌唱；歌曲，歌词,CET4,
soon,ad.不久；早，快,CET4,
sophisticated,老于世故的； 高级的； 精密的， 复杂的； 高雅的,CET4,
sore,痛的；恼火的；急剧的，剧烈的；疮， 痛处,CET4,
sorrow,悲痛， 悲哀， 悲伤； 伤心事， 不幸的事,CET4,
sorry,a.难过的；对不起的,CET4,
sort,n.种类；类别 vt.整理,CET4,
soul,n.灵魂；精神；人,CET4,
sound,a.健康的；完好的；n.声音 vi.响，发声,CET4,
soup,n.汤,CET4,
sour,酸的；馊的，酸味的；脾气坏的；变酸， 变馊； 变得乖戾,CET4,
source,河的源头， 根源； 来源， 出处,CET4,
south,n.南，南方 a.南方的,CET4,
southeast,n.东南 a.位于东南的,CET4,
southern,a.南方的，南部的,CET4,
southwest,n.西南 a.西南的,CET4,
soviet,n.苏维埃 a.苏维埃的,CET4,
sow,播， 播种,CET4,
space,n.空间；场地；空白,CET4,
spacecraft,航天器， 宇宙飞船,CET4,
spaceship,n.航天飞船,CET4,
spade,铲， 铁锹,CET4,
span,跨距，一段时间；持续， 贯穿； 包括； 横跨， 跨越,CET4,
spanish,a.西班牙的 n.西班牙人,CET4,
spare,vt.节约 a.多余的,CET4,
spark,发出火花；火花，火星,CET4,
sparrow,n.麻雀,CET4,
speak,vi.说话；发言 vt.说,CET4,
speaker,n.说话者；扬声器,CET4,
spear,n.矛，枪,CET4,
special,a.特殊的；专门的,CET4,
specialist,专家,CET4,
speciality,n.专业，特长；特产,CET4,
specialize,成为…专家； 专攻,CET4,
specially,ad.专门地，特别地,CET4,
species,种， 类,CET4,
specific,特有的；具体的，明确的；详情， 细节,CET4,
specifically,特别地， 特定地； 明确地， 具体地,CET4,
specify,指定； 详细说明,CET4,
specimen,样本， 标本， 样品,CET4,
spectacular,壮观的，引人注目的；壮观的演出； 惊人之举,CET4,
speculate,推测， 推断； 投机， 做投机买卖,CET4,
speech,n.言语；演说；方言,CET4,
speed,n.快；速率 vi.快行,CET4,
spell,vt.拼写 vi.拼字,CET4,
spelling,拼字， 拼法， 拼写法,CET4,
spend,vt.用钱，花费；度过,CET4,
sphere,球， 球体； 范围,CET4,
spider,蜘蛛,CET4,
spill,溢出，洒落；溢出,CET4,
spin,旋转；晕眩；纺，织；绞干，甩干；旋转， 自转,CET4,
spirit,n.精神；气魄；情绪,CET4,
spiritual,精神的， 心灵的； 宗教的,CET4,
spit,吐唾沫，吐出；唾沫， 唾液,CET4,
spite,恶意，怨恨；刁难， 欺侮,CET4,
splendid,壮丽的； 极好的,CET4,
split,分裂，分离；被撕裂，裂开；分担，分享；裂口,CET4,
spoil,损坏，糟蹋；宠坏，溺爱；变质；战利品， 掠夺物,CET4,
spokesman,发言人,CET4,
sponsor,发起者；发起； 资助， 赞助； 支持,CET4,
spoon,n.匙，调羹,CET4,
sport,n.运动；运动会,CET4,
sportsman,n.运动员,CET4,
spot,点，斑点；地点，处所；少量；认出， 发现； 玷污,CET4,
spray,喷， 溅散；浪花，水花；喷雾,CET4,
spread,vt.伸开；传播 n.传播,CET4,
spring,vi.跳，跃 n.跳跃；泉；n.春天，春季,CET4,
springtime,n.春季，春天,CET4,
spur,刺激物；刺激， 鞭策， 激励,CET4,
square,n.正方形；广场,CET4,
squeeze,挤；压榨，榨取；捏，握；挤； 握手； 拮据， 紧缺,CET4,
squirrel,n.松鼠,CET4,
stable,稳定的，不变的；沉稳的，持重的；厩， 马厩， 牛棚,CET4,
stack,堆，垛；堆积， 堆放于,CET4,
stadium,运动场， 体育场,CET4,
staff,工作人员；参谋；为…配备人员,CET4,
stage,n.舞台；戏剧；阶段,CET4,
stain,玷污；给…着色；污点， 污迹,CET4,
stair,n.楼梯,CET4,
stake,桩；利害关系；股份；赌金，赌注；以…打赌， 拿…冒险,CET4,
stale,不新鲜的； 陈腐的， 过时的,CET4,
stamp,n.戳子；邮票；标志,CET4,
stand,vi.站；坐落 n.架，台,CET4,
standard,n.标准 a.标准的,CET4,
standpoint,立场， 观点,CET4,
star,n.星；恒星；明星,CET4,
stare,盯， 凝视,CET4,
start,vi.跳起；出发；开始,CET4,
starve,挨饿， 饿死,CET4,
state,n.状态；国家；州；vt.陈述，说明，阐明,CET4,
statement,陈述， 声明； 结算单， 报表,CET4,
static,静的，静态的；静止的，停滞的；静电,CET4,
station,n.站，台，所，局,CET4,
statistic,统计数值， 统计资料； 统计学,CET4,
statistical,a.统计的，统计学的,CET4,
statue,塑像， 雕像， 铸像,CET4,
status,地位， 身份； 情形， 状况,CET4,
stay,vi.停留；住 n.逗留,CET4,
steadily,ad.稳定地，不变地,CET4,
steady,稳定；稳的，平稳的；稳定的，持续的；稳固的,CET4,
steal,vt.偷，窍取,CET4,
steam,n.蒸汽 vi.蒸发 vt.蒸,CET4,
steamer,轮船， 汽船,CET4,
steel,n.钢，钢铁,CET4,
steep,险峻的， 陡峭的； 过高的； 急剧的,CET4,
steer,掌舵， 驾驶； 操纵,CET4,
stem,起源；茎，干；词干；堵住， 止住， 停住,CET4,
step,n.(脚)步；步骤 vi.走,CET4,
stereotype,陈规，老套，固定的模式；铅版；把…浇铸成铅版； 对…形成固定看法,CET4,
steward,n.乘务员，服务员,CET4,
stewardess,n.空中小姐，女乘务员,CET4,
stick,n.棍，棒 vt.刺；粘贴,CET4,
sticky,黏性的， 胶黏的；  湿热的,CET4,
stiff,极其， 非常； 僵硬地；硬的，僵直的；不灵活的；拘谨的，生硬的；费劲的；强烈的,CET4,
stiffen,vt.使硬；使僵硬,CET4,
still,a.静止的 n.寂静,CET4,
stimulate,刺激， 激励， 激发,CET4,
sting,刺，蜇，叮；刺伤处，蜇伤处,CET4,
stir,搅动；拨动；激动；唤起；搅拌， 搅动； 激动， 骚乱,CET4,
stock,常用的， 常备的；原料，库存品；股本，公债；世系，血统；汤汁；家畜，牲畜；储备,CET4,
stocking,长袜,CET4,
stomach,n.胃；肚子；食欲,CET4,
stone,n.石，石头；宝石,CET4,
stony,a.多石的；冷酷的,CET4,
stool,n.凳子,CET4,
stoop,俯身，弯腰；堕落，自贬；弯腰， 曲背,CET4,
stop,vt.塞住；阻止；停止,CET4,
storage,贮藏； 贮藏量,CET4,
store,n.贮藏；贮存品；商店,CET4,
storey,n.(层)楼,CET4,
storm,n.风暴；暴(风)雨,CET4,
stormy,a.有暴风雨的；激烈的,CET4,
story,n.故事，小说，传说,CET4,
stove,炉， 火炉， 电炉,CET4,
straight,a.直的；正直的 ad.直,CET4,
strain,扭伤， 拉伤； 尽力； 拉紧；拉紧；过劳；极度紧张；张力；扭伤，拉伤；旋律；品种，家系；气质，个性特点,CET4,
strange,a.陌生的；奇怪的,CET4,
stranger,n.陌生人；新来者,CET4,
strap,带子；捆扎； 用绷带包扎,CET4,
strategic,对全局有重要意义的， 关键的； 战略的,CET4,
strategy,战略， 策略,CET4,
straw,稻草； 麦秆吸管， 吸管,CET4,
strawberry,n.草莓,CET4,
stream,流出， 涌出；河，溪流；一股，一串,CET4,
street,n.街，街道；行车道,CET4,
strength,n.力，力量，力气,CET4,
strengthen,加强， 巩固,CET4,
stress,压力；强调；重要性；应力；重音；强调， 着重； 重读,CET4,
stretch,伸展，延续；伸长，拉长；倾注全力；紧张；一段时间， 一段路程， 连绵的一片； 伸展， 延伸,CET4,
strict,a.严格的；严谨的,CET4,
strictly,ad.严格地，严谨地,CET4,
strike,vt.&vi.打，击 n.罢工,CET4,
striking,显著的， 突出的； 惹人注目的， 容貌出众的,CET4,
string,连成一串； 排成一行前进；线，细绳；一串，一行；缚，扎，挂；串起，穿；使排成一列；伸展，拉直,CET4,
strip,脱光衣服；剥夺，夺去；条带,CET4,
stripe,条纹,CET4,
stroke,中风；一举，一次努力；划桨，划水；击，敲；报时的钟声；笔画，一笔；抚摸；抚摸,CET4,
strong,a.强壮的；擅长的,CET4,
strongly,ad.强壮地，强烈地,CET4,
structural,a.结构的，构造的,CET4,
structure,结构，构造；建造,CET4,
struggle,n.&vi.斗争，奋斗,CET4,
student,n.学生；研究生，学者,CET4,
studio,画室， 摄影室； 播音室， 录音室， 摄影棚,CET4,
study,n.学习，研究 vt.学,CET4,
stuff,材料，东西；装， 填， 塞； 让…吃饱,CET4,
stupid,a.愚蠢的；感觉迟钝的,CET4,
style,n.风格；文体；式样,CET4,
subject,题目； 学科； 主语；使隶属,CET4,
submerge,淹没， 潜入水中,CET4,
submit,屈从， 听从， 服从；呈送，提交；主张，建议；使服从，使降服,CET4,
subsequent,随后的， 后来的,CET4,
substance,物质； 实质； 大意， 要旨； 根据， 理由,CET4,
substantial,可观的， 大量的； 结实的， 坚固的； 实质的， 真实的,CET4,
substitute,代替人；代用品；用…代替,CET4,
subtract,减， 减去， 去掉,CET4,
suburb,郊区， 郊外， 近郊,CET4,
subway,地道； 地铁,CET4,
succeed,vt.继…之后 vi.成功,CET4,
succeeding,以后的， 随后的,CET4,
success,n.成功，成就，胜利,CET4,
successful,a.成功的，结果良好的,CET4,
successfully,ad.成功地,CET4,
succession,连续； 一连串； 接替， 继任， 继承,CET4,
successive,连续的， 接连的,CET4,
such,a.这样的；如此的…,CET4,
suck,吸， 吮， 啜； 吸收,CET4,
sudden,a.突然的，意外的,CET4,
suddenly,ad.突然地,CET4,
suffer,遭受， 忍受， 容许； 受痛苦， 受损,CET4,
sufficient,足够的， 充分的,CET4,
sufficiently,ad.足够地，充分地,CET4,
sugar,n.糖,CET4,
suggest,vt.建议；暗示，启发,CET4,
suggestion,建议， 意见； 细微的迹象； 暗示,CET4,
suicide,自杀,CET4,
suit,n.起拆，诉讼 vt.适合,CET4,
suitable,a.合适的；适宜的,CET4,
sulphur,n.硫(磺)，硫黄,CET4,
sum,共计；总数；金额；算术,CET4,
summarize,概括， 概述， 总结,CET4,
summary,概括的， 概要的； 实时的， 即决的；摘要，概要，一览,CET4,
summer,n.夏，夏季,CET4,
summit,最高点， 峰顶； 最高级会议,CET4,
sun,n.太阳，日,CET4,
sunday,n.星期日，礼拜日,CET4,
sunlight,日光， 阳光,CET4,
sunny,a.阳光充足的；快活的,CET4,
sunrise,日出； 朝霞,CET4,
sunset,日落； 晚霞,CET4,
sunshine,日光， 阳光,CET4,
super,a.极好的，超级的,CET4,
superb,极好的； 高质量的,CET4,
superficial,表面的， 肤浅的,CET4,
superior,上级的，较高的；优越的；有优越感的，高傲的；上级， 长官,CET4,
supermarket,n.超级市场,CET4,
supper,n.晚饭，晚餐,CET4,
supplement,增补， 补充； 增刊， 副刊；增补， 补充,CET4,
supply,供给， 供应,CET4,
support,支撑；支持；供养；证实；支持， 支撑物， 支持者,CET4,
suppose,猜想， 假定， 让； [常用于被动语态]期望， 认为应该,CET4,
supreme,最高的， 最大的； 极度的， 最重要的,CET4,
sure,a.确信的；确实的,CET4,
surely,a.确实；稳当地,CET4,
surface,n.地面，表面；外表,CET4,
surge,蜂拥而出；洋溢，奔放；汹涌，奔腾；大浪， 波涛； 高涨； 汹涌,CET4,
surgery,外科， 外科手术； 手术室,CET4,
surname,n.姓,CET4,
surplus,过剩的， 多余的；过剩，剩余，盈余,CET4,
surprise,vt.使惊奇；突然袭击,CET4,
surprising,a.惊人/出人意外的,CET4,
surprisingly,ad.惊人地,CET4,
surrender,交出， 放弃； 投降,CET4,
surround,围， 围绕； 圈住,CET4,
surrounding,附近的；四周的,CET4,
surroundings,"n.周围的事物,环境",CET4,
survey,俯瞰； 检查； 测量；调查， 勘察； 测量， 勘测； 全面审视， 概括论述,CET4,
survival,幸存； 幸存者， 残存物,CET4,
survive,活下来， 幸存；从…逃出，幸免于；从中挺过来；比…活得长,CET4,
survivor,生还者； 残存物,CET4,
suspect,可疑的， 不信任的；疑有；推测；对…表示怀疑；嫌疑犯，可疑分子,CET4,
suspend,暂停， 终止； 吊， 悬,CET4,
suspicion,怀疑， 疑心， 猜疑； 一点儿， 少量,CET4,
sustain,保持， 使持续下去； 供养， 维持； 支持， 支撑； 经受， 遭受,CET4,
swallow,燕子；吞，咽；吞， 咽； 轻信， 轻易接受； 承受， 使不流露； 咽下口水,CET4,
swan,n.天鹅,CET4,
swarm,n.一大群 vi.密集,CET4,
sway,摇，摇动；动摇；摇摆， 摇动； 起支配作用的影响,CET4,
swear,宣誓； 咒骂,CET4,
sweat,n.汗 vi.出汗,CET4,
sweater,n.厚运动衫，毛线衫,CET4,
sweep,vt.扫；刮起；扫过,CET4,
sweet,a.甜的；愉快的,CET4,
swell,膨胀，隆起；增长，增强，增多，扩大；波浪起伏； 鼓起， 隆起； 增强,CET4,
swift,快的； 反应快的； 敏捷的,CET4,
swim,vi.游，游泳；眼花,CET4,
swing,摇摆，回转；突然转向；摇摆； 秋千,CET4,
swiss,a.瑞士的 n.瑞士人,CET4,
switch,转换， 改变；开关，电闸；转换，改变,CET4,
sword,剑， 刀,CET4,
symbol,象征； 符号， 标志,CET4,
sympathetic,同情的； 和谐的； 赞同的， 支持的； 合意的,CET4,
sympathize,同情， 怜悯； 体谅； 赞同,CET4,
sympathy,同情； 一致， 支持， 赞同,CET4,
symptom,症状； 征候， 征兆,CET4,
synthetic,综合的， 合成的； 虚假的,CET4,
system,系统； 制度， 体制； 方法， 做法； 身体,CET4,
systematic,有系统的， 有计划的,CET4,
systematical,有系统的， 有计划的,CET4,
table,n.桌子；餐桌；项目表,CET4,
tablet,n.碑，匾；药片,CET4,
tackle,对付，处理；与…交涉；阻截，擒抱；阻截， 擒抱； 用具， 钓具； 辘轳， 滑车,CET4,
tag,尾随；附加语；标签；给…加上标签,CET4,
tail,n.尾巴；末尾部分,CET4,
tailor,n.裁缝 vt.裁制衣服,CET4,
take,vt.拿；抓；拿走；吃,CET4,
tale,n.故事，传说,CET4,
talent,天才， 才能； 人才,CET4,
talk,vi.讲话 vt.谈论,CET4,
tall,n.高的，身材高的,CET4,
tame,驯服的，顺从的；沉闷的，乏味的；制服， 控制并利用； 驯化， 驯服,CET4,
tank,n.坦克；大容器，槽,CET4,
tap,vt.&vi.&n.轻叩；n.塞子；龙头 vt.开发,CET4,
tape,n.线带；磁带，录音带,CET4,
target,目标；把…作为目标； 瞄准,CET4,
task,n.任务，工作，作业,CET4,
taste,vt.尝；尝到 n.味觉,CET4,
tax,税，税款；负担；对…征税； 使负担重， 使费尽力气,CET4,
taxi,n.出租汽车,CET4,
tea,n.茶；茶叶；茶树,CET4,
teach,vt.讲；教育 vt.教书,CET4,
teacher,n.教师，老师，先生,CET4,
teaching,n.教学，讲授；教导,CET4,
team,n.队，组,CET4,
tear,n.眼泪，泪珠；vt.撕开，撕裂,CET4,
technical,a.技术的，工艺的,CET4,
technician,技术员， 技师,CET4,
technique,技术， 技巧， 技能,CET4,
technology,工艺学； 工艺， 技术,CET4,
tedious,冗长乏味的， 沉闷的,CET4,
teenager,青少年,CET4,
telegram,n.电报,CET4,
telegraph,n.电报机；电报,CET4,
telephone,n.电话 vi.打电话,CET4,
telescope,望远镜,CET4,
television,n.电视；电视机,CET4,
tell,vt.讲述；吩咐；辨别,CET4,
temper,韧度；心情，情绪；调和， 使缓和； 【冶】使回火,CET4,
temperature,n.温度；体温,CET4,
temple,圣堂， 神殿， 庙宇,CET4,
temporary,暂时的， 临时的,CET4,
temptation,诱惑， 引诱,CET4,
ten,num.十，十个,CET4,
tend,照管， 照料， 护理；易于，往往会；趋向，倾向,CET4,
tendency,趋向， 趋势， 倾向,CET4,
tender,嫩的；脆弱的；疼痛的，一触即痛的；温柔的；提出；投标,CET4,
tennis,n.网球，网球运动,CET4,
tense,拉紧的；紧张的；拉紧， 绷紧；时态,CET4,
tension,紧张， 不安； 拉紧； 张力， 拉力,CET4,
tent,n.帐篷,CET4,
tenth,num.第十；十分之一,CET4,
term,n.期；学期；条件；词,CET4,
terminal,晚期的，不治的；末端的，终点的，极限的；终点； 终端； 接线端,CET4,
terrible,a.可怕的；极度的,CET4,
territory,领土， 版图； 领域,CET4,
terror,恐怖， 惊骇； 引起恐怖的人或事,CET4,
test,n.&vt.试验；检验,CET4,
text,n.原文，本文；课文,CET4,
textbook,n.课本，教科书,CET4,
textile,纺织的；纺织品；纺织业,CET4,
than,conj.(比较级)比,CET4,
thank,vt.谢谢，感谢 n.感谢,CET4,
that,a.那 pron.那 ad.那样,CET4,
the,art.(定冠词)这，那,CET4,
theatre,n.戏院；戏剧；教室,CET4,
their,pron.他(她、它)们的,CET4,
theirs,pron.他(她)们的东西,CET4,
them,pron.(宾格)他们,CET4,
theme,主题， 题目,CET4,
themselves,pron.他们自己,CET4,
then,ad.当时；然后；那么,CET4,
theoretical,理论的,CET4,
theory,理论， 原理； 学说； 意见， 看法,CET4,
therapy,治疗， 理疗,CET4,
there,ad.在那里；在那点上,CET4,
thereby,因此， 从而， 由此,CET4,
therefore,因此， 所以,CET4,
thermometer,温度计， 寒暑表,CET4,
these,a.&pron.这些,CET4,
they,pron.(主格)他(她)们,CET4,
thick,厚厚地；厚的，密的，浓的；不清楚的，口音重的,CET4,
thickness,n.厚(度)；密(度),CET4,
thief,n.窃贼，偷窃犯,CET4,
thin,a.薄的；淡的 vi.变薄,CET4,
thing,n.物；用品；事；情况,CET4,
think,vt.想；想要；认为,CET4,
thinking,深思的， 有理性的；想法，意见，见解,CET4,
third,num.第三；三分之一,CET4,
thirdly,ad.第三,CET4,
thirst,n.渴，口渴；渴望,CET4,
thirsty,渴的； 渴望的,CET4,
thirteen,num.十三，十三个,CET4,
thirty,num.三十，三十个,CET4,
this,a.这；今 pron.这,CET4,
thorough,彻底的， 详尽的,CET4,
those,pron.那些,CET4,
though,conj.虽然 ad.可是,CET4,
thought,n.思想；思维；想法,CET4,
thoughtful,沉思的； 体贴的,CET4,
thousand,num.千，千个 n.无数,CET4,
thread,n.线；丝；螺纹；头绪,CET4,
threat,威胁， 恐吓； 凶兆， 征兆,CET4,
threaten,威胁， 恐吓； 预示快要来临， 是…的征兆； 构成威胁； 可能发生,CET4,
three,num.三，三个,CET4,
thrive,兴旺， 繁荣， 旺盛,CET4,
throat,咽喉， 喉咙； 嗓音,CET4,
throng,n.群，人群 vt.挤满,CET4,
through,prep.穿过 ad.从头到尾,CET4,
throughout,prep.遍及 ad.到处,CET4,
throw,vt.投，掷，抛，扔,CET4,
thrust,插；戳，刺；戳， 刺； 要点， 要旨； 推力,CET4,
thumb,示意要求搭车；拇指,CET4,
thunder,打雷， 轰隆响； 大声喊， 吼；雷，雷声；擂鼓般的响声，轰隆声,CET4,
thursday,n.星期四,CET4,
thus,ad.如此，这样；因而,CET4,
ticket,n.票，券；纲领；传票,CET4,
tide,潮， 潮汐； 潮流， 趋势,CET4,
tidy,整洁的，整齐的；整洁， 整齐,CET4,
tie,n.领带；联系 vt.系,CET4,
tiger,n.虎,CET4,
tight,a.紧的；紧身的,CET4,
till,prep.conj.直到…为止,CET4,
timber,木材， 原木； 大木料， 栋木,CET4,
time,n.时间；时机；次，回,CET4,
timetable,n.时间表，时刻表,CET4,
tin,n.锡；罐头,CET4,
tiny,a.微小的，极小的,CET4,
tip,n.梢，末端，尖，尖端；vt.轻击 vi.给小费,CET4,
tire,vi.疲劳，累；厌倦,CET4,
tired,a.疲劳的；厌倦的,CET4,
tissue,组织； 薄绢， 薄纸， 手巾纸,CET4,
title,标题， 题目； 称号， 头衔； 权利， 权益,CET4,
to,prep.到，向，达到,CET4,
toast,烤面包；祝酒，祝酒词；烘， 烤； 向…祝酒， 为…干杯,CET4,
tobacco,n.烟草，烟叶,CET4,
today,ad.在今天；现在,CET4,
toe,n.脚趾，足尖,CET4,
together,ad.共同，一起,CET4,
toilet,n.厕所，盥洗室，浴室,CET4,
tolerance,忍受， 容忍， 忍耐力； 公差,CET4,
tolerate,忍受， 容忍； 容许， 承认,CET4,
tomato,n.番茄，西红柿,CET4,
tomb,n.坟，冢,CET4,
tomorrow,ad.在明天 n.明天,CET4,
ton,n.吨；大量,CET4,
tone,腔调， 语气； 音调； 风格， 气度； 色调， 明暗,CET4,
tongue,n.舌，舌头；语言,CET4,
tonight,ad.在今夜 n.今夜,CET4,
too,ad.也，还；太，过分,CET4,
tool,n.工具，器具，用具,CET4,
tooth,n.牙齿,CET4,
top,n.顶；首位 a.顶的,CET4,
topic,题目， 论题， 话题,CET4,
torch,火炬， 火把； 手电筒,CET4,
torrent,n.奔流，激流，洪流,CET4,
tortoise,n.龟，乌龟,CET4,
torture,拷问；折磨；拷打,CET4,
total,a.总的 vi.合计，总共,CET4,
touch,vt.触摸；触动 n.触,CET4,
tough,困难的， 难对付的； 坚强的， 能吃苦耐劳的； 健壮的； 坚硬的， 严格的； 老的， 硬的； 粗暴的， 充满暴力的,CET4,
tour,旅行， 游历,CET4,
tourist,n.旅游者，观光者,CET4,
towel,毛巾， 手巾,CET4,
tower,n.塔 vi.屹立，高耸,CET4,
town,n.镇，市镇，城镇,CET4,
toy,n.玩具，玩物,CET4,
trace,痕迹；丝毫，少许；跟踪； 追溯； 描摹,CET4,
track,n.行踪；路径；轨道,CET4,
tractor,拖拉机， 牵引车,CET4,
trade,n.贸易；职业 vi.交易,CET4,
tradition,传统， 惯例,CET4,
traditional,a.传统的，惯例的,CET4,
traffic,n.交通，通行；交通量,CET4,
tragedy,悲剧， 惨事， 惨案； 悲剧艺术,CET4,
trail,痕迹，小径；跟踪， 追踪,CET4,
train,vt.培养 n.列车；队列,CET4,
training,n.训练，锻炼，培养,CET4,
traitor,n.叛徒，卖国贼,CET4,
tram,n.(有轨)电车,CET4,
tramp,n.流浪者，游民,CET4,
transaction,办理， 处理； 交易， 业务； 会报， 学报,CET4,
transfer,搬， 转移； 调动， 转学； 转让， 过户； 乘车， 转乘,CET4,
transform,使改观， 改革； 变换， 把…转换成,CET4,
transformation,n.变化；改造；转变,CET4,
transformer,n.变压/转换器,CET4,
translate,vt.翻译，译 vt.翻译,CET4,
translation,翻译； 译文， 译本,CET4,
transmission,传播， 发射； 传送， 传递； 传染,CET4,
transmit,传送， 传递； 传染； 播送， 发射,CET4,
transparent,透明的； 易识破的； 明显的， 清楚的,CET4,
transport,运输；运输， 运输工具,CET4,
transportation,运输， 运送， 客运,CET4,
trap,陷阱，捕捉器；圈套，诡计；困境；设陷阱捕捉； 诱骗,CET4,
trash,垃圾，废物；拙劣的文学作品；没用的人，社会渣滓，败类；捣毁， 破坏,CET4,
travel,vi.&vi.&n.旅行,CET4,
tray,盘， 托盘， 碟,CET4,
treason,n.谋反，通敌，叛国罪,CET4,
treasure,n.财富；珍宝 vt.珍视,CET4,
treat,vt.对待；处理 n.款待,CET4,
treatment,待遇； 治疗， 疗法； 对待， 处理,CET4,
treaty,条约， 协议， 协定,CET4,
tree,n.树,CET4,
tremble,发抖，哆嗦；摇动；颤抖； 摇晃， 摇动,CET4,
tremendous,极大的， 非常的； 精彩的， 了不起的,CET4,
trend,伸向；倾向；倾向,CET4,
trial,试， 试验； 审判； 讨厌的人,CET4,
triangle,三角,CET4,
trick,n.诡计；窍门 vt.哄骗,CET4,
trim,整齐的；使整齐,CET4,
trip,vi.绊；失足 vt .绊倒,CET4,
triumph,成功；凯旋，胜利,CET4,
troop,成群结队而行；军队，部队；一群，大量,CET4,
tropical,热带的； 炎热的,CET4,
trouble,n.烦恼；困难 vi.烦恼,CET4,
troublesome,令人烦恼的， 麻烦的,CET4,
trousers,n.裤子，长裤,CET4,
truck,n.卡车，载重汽车,CET4,
true,a.真的；忠实的,CET4,
truly,真正地； 忠实地,CET4,
trumpet,喇叭，小号；大声宣告， 鼓吹,CET4,
trunk,树干； 大衣箱， 皮箱； 汽车后备箱； 象鼻,CET4,
trust,n.信任 vt.相信；委托,CET4,
truth,n.真理；真实；真实性,CET4,
try,vt.试；审问 vi.尝试,CET4,
tube,管， 电子管， 显像管,CET4,
tuesday,n.星期二,CET4,
tune,调子；和谐；调整， 调节； 为调音,CET4,
tunnel,挖， 开；隧道，坑道，地道,CET4,
turbine,叶轮机， 汽轮机,CET4,
turkey,n.火鸡；火鸡肉,CET4,
turn,vt.转；翻 vi.转动,CET4,
turning,n.旋转；变向；转弯处,CET4,
turnip,n.萝卜，芜菁,CET4,
tutor,当…导师， 当…家庭教师；导师；家庭教师，私人教师,CET4,
twelfth,num.第十二,CET4,
twelve,num.十二，十二个,CET4,
twentieth,num.第二十,CET4,
twenty,num.二十，二十个,CET4,
twice,ad.两次，两倍,CET4,
twin,a.孪生的 n.孪生儿,CET4,
twinkle,vi.闪烁，闪耀,CET4,
twist,缠绕，盘绕；转动，旋动；捻，搓；歪曲，曲解；扭歪，扭伤；曲折前进；转身；扭弯； 转折， 转变； 弯曲， 曲折处,CET4,
two,num.二，两个,CET4,
type,n.型，类型 vi.打字,CET4,
typewriter,打字机,CET4,
typhoon,n.台风,CET4,
typical,典型的， 代表性的,CET4,
typist,打字员,CET4,
tyre,轮胎， 车胎,CET4,
ugly,丑陋的； 可怕的,CET4,
ultimate,最后的，最终的；终极， 顶点,CET4,
ultimately,ad.最终，最后,CET4,
umbrella,伞， 雨伞,CET4,
unable,a.不能的，不会的,CET4,
unbearable,a.难堪的，忍受不了的,CET4,
uncertain,a.无常的；不确定的,CET4,
uncle,n.伯父，叔父，舅父,CET4,
uncomfortable,a.不舒服的；不自在的,CET4,
unconscious,a.不省人事的,CET4,
uncover,揭露， 暴露； 揭开…的盖子,CET4,
under,prep.在…下面；低于.,CET4,
undergo,经历， 经受， 忍受； 接受,CET4,
undergraduate,大学本科生,CET4,
underground,在地下，往地下；秘密地，不公开地；地下的；秘密的，不公开的；地铁； 地下组织,CET4,
underline,在…下面画线； 强调， 使…突出,CET4,
underneath,在下面，在底下；在…下面，在…底下；下部， 底部,CET4,
understand,vt.懂；获悉 vi.懂得,CET4,
understanding,体谅的， 宽容的， 通情达理的；理解，理解力；谅解；协议；相互理解，融洽,CET4,
undertake,从事； 承担； 同意； 保证,CET4,
undertaking,n.任务，事业；许诺,CET4,
undo,解开， 打开； 取消， 撤销,CET4,
undoubtedly,毋庸置疑地， 肯定地,CET4,
uneasy,心神不安的， 忧虑的,CET4,
unexpected,想不到的， 意外的,CET4,
unfair,a.不公平的，不公正的,CET4,
unfortunate,a.不幸的；可取的,CET4,
unfortunately,不幸地,CET4,
unhappy,a.不幸福的，不快乐的,CET4,
uniform,a.一样的 n.制服,CET4,
union,工会， 联盟； 联合， 团结； 一致,CET4,
unique,唯一的， 独一无二的； 极不寻常的， 极好的,CET4,
unit,n.单位；单元；部件,CET4,
unite,联合， 统一,CET4,
unity,单一， 统一， 团结； 和睦， 协调,CET4,
universal,普遍的； 通用的； 全世界的,CET4,
universe,宇宙， 世界； 领域， 范围,CET4,
university,n.大学，综合性大学,CET4,
unjust,a.非正义的；不公平的,CET4,
unkind,a.不仁慈的，不和善的,CET4,
unknown,a.不知道的；未知的,CET4,
unless,除非， 如果不,CET4,
unlike,不同的；不像…,CET4,
unlikely,a.未必的，未必可能的,CET4,
unload,卸， 卸货； 下客； 退出子弹； 卸下胶卷,CET4,
unlucky,a.不幸的；不吉的,CET4,
unnecessary,a.不必要的，多余的,CET4,
unpleasant,a.令人不快的，讨厌的,CET4,
unsatisfactory,a.不能令人满意的,CET4,
unstable,a.不稳固的；不稳定的,CET4,
unsuitable,"a.不合适的,不适宜的",CET4,
until,prep&conj.直到…为止,CET4,
unusual,不平常的， 少有的； 独特的， 与众不同的,CET4,
unusually,a.不平常地，非常,CET4,
unwilling,a.不愿意的,CET4,
up,ad.向上；起床，起来,CET4,
up-to-date,直到最近的， 现代的； 跟上时代的,CET4,
upon,prep.在…上；在…旁,CET4,
upper,上面的， 地位较高的,CET4,
upright,挺直着， 竖立着；垂直的；正直的，诚实的,CET4,
upset,心烦的， 苦恼的； 不适的；使心烦意乱，使苦恼，使不适；搅乱；弄翻，倾覆；翻倒；搅乱；不安；不适,CET4,
upside-down,a.颠倒的，乱七八糟的,CET4,
upstairs,ad.在楼上 a.楼上的,CET4,
upward,a.向上的，上升的,CET4,
upwards,ad.趋向上升；以上,CET4,
urban,城市的， 都市的； 住在都市的,CET4,
urge,鼓励；推进，催促；竭力主张，强烈要求；冲动， 强烈的欲望,CET4,
urgent,紧急的， 急迫的,CET4,
us,pron.(宾格)我们,CET4,
usage,使用； 对待； 惯用法,CET4,
use,vt.用；耗费 n.用,CET4,
used,vi.过去常常；a.旧的；习惯于…的,CET4,
useful,a.有用的，有益的,CET4,
useless,a.无用的，无价值的,CET4,
user,n.用户，使用者,CET4,
usual,a.通常的；平常的,CET4,
usually,ad.通常,CET4,
utility,效用， 有用， 实用； 公用事业,CET4,
utilize,利用,CET4,
utmost,最远的；极限,CET4,
utter,完全的，彻底的；发出， 说， 讲,CET4,
vacant,空的， 未被占用的； 空缺的； 茫然的， 空虚的,CET4,
vacation,假期， 休假,CET4,
vacuum,用吸尘器清扫；真空；真空吸尘器,CET4,
vague,模糊的， 含糊的,CET4,
vain,徒劳的； 自负的,CET4,
valid,有效的； 正当的； 有根据的， 有理的,CET4,
valley,n.(山)谷，溪谷；流域,CET4,
valuable,a.值钱的；有价值的,CET4,
value,n.价值；价格 vt.评价,CET4,
van,大篷车， 运货车,CET4,
vanish,突然不见， 消失； 不复存在， 绝迹,CET4,
vanity,n.虚荣心，虚夸,CET4,
vapour,蒸汽,CET4,
variable,易变的；变量,CET4,
variation,变化， 变动； 变异； 变奏,CET4,
variety,多样化； 种类； 变种,CET4,
various,各种各样的， 不同的,CET4,
vary,改变； 多样化,CET4,
vase,n.瓶，花瓶,CET4,
vast,巨大的， 大量的； 浩瀚的,CET4,
vegetable,n.植物；蔬菜,CET4,
vehicle,车辆， 机动车； 传播媒介， 工具， 手段,CET4,
venture,冒险， 敢于；风险投资，风险项目,CET4,
verb,n.动词,CET4,
verify,证实， 查证， 证明,CET4,
version,译本； 说法； 改写本,CET4,
vertical,垂直的， 竖式的,CET4,
very,ad.很；完全 a.真的,CET4,
vessel,容器； 船； 飞船； 管,CET4,
vest,n.汗衫；背心；内衣,CET4,
veteran,老兵， 老手,CET4,
vex,vt.使烦恼，使恼火,CET4,
via,经过， 通过,CET4,
vibrate,颤动,CET4,
vibration,n.颤动，振动；摆动,CET4,
vice,罪恶； 恶习， 缺点； 虎钳,CET4,
victim,牺牲者， 受害者,CET4,
victimize,使受害， 使牺牲,CET4,
victorious,a.胜利的，得胜的,CET4,
victory,n.胜利，战胜,CET4,
video,录像的；电视的；录像,CET4,
view,n.看；视力；风景,CET4,
viewpoint,观点， 看法， 见解,CET4,
vigorous,朝气蓬勃的； 有力的， 用力的,CET4,
village,n.乡村，村庄,CET4,
vine,n.葡萄树,CET4,
vinegar,醋,CET4,
violate,违反， 违背； 亵渎； 侵犯； 妨碍,CET4,
violence,猛烈， 激烈； 暴力,CET4,
violent,暴力引起的， 暴力的； 猛烈的， 剧烈的,CET4,
violet,紫色的；紫罗兰,CET4,
violin,小提琴,CET4,
virtual,实质上的， 事实上的， 实际上的,CET4,
virtually,实际上， 事实上,CET4,
virtue,善， 美德； 优点， 长处,CET4,
virus,病毒； 病毒性疾病， 病毒病,CET4,
visibility,可见度， 能见度； 可见性， 明显性,CET4,
visible,可见的， 看得见的， 有形的,CET4,
vision,想象力； 梦幻； 视力， 视觉,CET4,
visit,vt.&n.访问，参观,CET4,
visitor,n.访问者；游客,CET4,
visual,看得见的；视觉资料,CET4,
vital,致命的， 生死攸关的； 极其重要的； 生命的， 有生命力的,CET4,
vitamin,维生素,CET4,
vivid,鲜艳的； 生动的， 栩栩如生的,CET4,
vocabulary,词汇表， 词汇， 语汇,CET4,
voice,n.说话声；意见；语态,CET4,
volcano,火山,CET4,
volleyball,n.排球，排球运动,CET4,
volt,伏特， 伏,CET4,
voltage,电压,CET4,
volume,卷， 册， 书卷； 容积， 体积； 音量， 响度,CET4,
voluntary,自愿的， 志愿的,CET4,
volunteer,自愿提供； 自愿， 志愿；志愿者；志愿兵,CET4,
vote,投票； 表决；票，选票；选举，投票，表决；表决结果，投票总数,CET4,
voyage,n.&vi.航海，航空,CET4,
wage,n.工资，报酬；vt.开展(运动),CET4,
waggon,n.四轮运货马车,CET4,
wagon,四轮马车， 大篷车； 铁路货车， 客货两用车,CET4,
waist,腰， 腰部,CET4,
wait,vi.等，等候 n.等待,CET4,
waiter,n.侍者，服务员,CET4,
wake,vi.醒，醒来 vt.唤醒,CET4,
waken,醒来， 弄醒,CET4,
walk,vi.&n.走，步行,CET4,
wall,n.墙，壁，围墙，城墙,CET4,
wander,漫游， 闲逛， 漫步； 偏离正道； 走神， 恍惚,CET4,
want,vt.要 n.需要；缺乏,CET4,
war,n.战争；冲突，斗争,CET4,
warm,a.温暖的；热烈的,CET4,
warmth,暖和， 温暖； 热烈， 热情， 热心,CET4,
warn,vt.警告 vi.发生警告,CET4,
wash,vt.洗；冲出 vi.洗涤,CET4,
waste,n.浪费；废物；垃圾,CET4,
watch,vt.&vi.观看 n.手表,CET4,
water,n.水 vt.使湿，灌溉,CET4,
waterfall,n.瀑布,CET4,
waterproof,不透水的， 防水的,CET4,
wave,n.波；波涛 vi.波动,CET4,
wavelength,n.波长,CET4,
wax,蜡，蜂蜡；给…上蜡,CET4,
way,n.路；路线；方向,CET4,
we,pron.(主格)我们,CET4,
weak,a.弱的；软弱的,CET4,
weaken,削弱， 变弱,CET4,
weakness,n.虚弱，软弱；弱点,CET4,
wealth,财富， 财产； 丰富,CET4,
wealthy,富有的， 富裕的,CET4,
weapon,武器， 兵器,CET4,
wear,vt.穿着，戴；磨损,CET4,
weather,n.天气,CET4,
weave,织， 编,CET4,
wedding,n.婚礼,CET4,
wednesday,n.星期三,CET4,
weed,除草；杂草，野草,CET4,
week,n.星期，周,CET4,
weekday,n.周日，工作日,CET4,
weekend,n.周末，周末假期,CET4,
weekly,每周；每周的,CET4,
weep,哭泣， 流泪； 渗出,CET4,
weigh,vt.称…的重量；掂量,CET4,
weight,n.重；砝码；重担,CET4,
welcome,int.&n.&vt.欢迎,CET4,
weld,焊接， 熔接,CET4,
welfare,幸福； 福利， 福利救济,CET4,
well,n.井；ad.好；完全地 int.嘿,CET4,
well-known,众所周知的， 著名的,CET4,
west,n.西；西洋 a.西方的,CET4,
western,a.西方的，西部的,CET4,
westward,a.向西的 ad.向西,CET4,
wet,a.湿的；下雨的,CET4,
whale,鲸,CET4,
what,pron.什么 a.什么,CET4,
whatever,[用于否定句中以加强语气]任何； 无论什么,CET4,
wheat,n.小麦,CET4,
wheel,n.轮，车轮,CET4,
when,ad.什么时候；当…时,CET4,
whenever,conj.无论何时，每当,CET4,
where,ad.在哪里 pron.哪里,CET4,
whereas,然而， 但是， 尽管,CET4,
wherever,ad.究竟在哪里,CET4,
whether,conj.是否,CET4,
which,pron.哪一个 a.哪一个,CET4,
whichever,无论哪个， 无论哪些,CET4,
while,conj.当…的时候；而,CET4,
whilst,当…的时候,CET4,
whip,鞭笞；猛地移动；搅打成糊状；鞭子,CET4,
whisky,n.威士忌酒,CET4,
whisper,低声地讲；低语， 耳语,CET4,
whistle,吹口哨， 鸣笛声； 呼啸而过；口哨；呼啸而过,CET4,
white,a.白的 n.白色,CET4,
whitewash,vt.粉刷，涂白,CET4,
who,pron.谁；…的人,CET4,
whoever,谁； 无论谁； 究竟是谁,CET4,
whole,a.完整的 n.全部,CET4,
wholly,完全地， 全部地,CET4,
whom,pron.(宾格)谁,CET4,
whose,pron.谁的；哪个人的,CET4,
why,ad.为什么,CET4,
wicked,坏的， 令人厌恶的； 淘气的， 顽皮的,CET4,
wide,a.宽阔的 ad.全部地,CET4,
widely,ad.广，广泛,CET4,
widen,加宽， 变宽,CET4,
widespread,分布广的， 普遍的,CET4,
widow,寡妇,CET4,
width,宽阔， 广阔； 宽度,CET4,
wife,n.妻子,CET4,
wild,a.野生的；野蛮的,CET4,
will,aux.v.将要，会；愿,CET4,
willing,a.愿意的，心甘情愿的,CET4,
win,vi.获胜，赢 vt.赢得,CET4,
wind,n.风；气息，呼吸；vt.绕，缠绕 vi.卷曲,CET4,
window,n.窗子，窗户，窗口,CET4,
wine,n.葡萄酒，果酒,CET4,
wing,n.翼，翅膀，翅,CET4,
winner,n.获胜者，优胜者,CET4,
winter,n.冬天，冬季,CET4,
wipe,vt.&n.揩，擦,CET4,
wire,n.金属线；电缆；电信,CET4,
wireless,a.不用电线的，无线的,CET4,
wisdom,智慧， 才智； 名言,CET4,
wise,a.有智慧的，聪明的,CET4,
wish,vt.祝；想要 n.希望,CET4,
wit,风趣； 妙语； 智力， 才智， 智能,CET4,
with,prep.和…一起；具有,CET4,
withdraw,收回， 撤回； 撤退,CET4,
within,prep.在…里面,CET4,
without,prep.无，没有，不,CET4,
withstand,抵挡， 反抗,CET4,
witness,证据；目击者，证人；目击； 为…作证， 证明,CET4,
wolf,狼,CET4,
woman,n.妇女，女人，女性,CET4,
wonder,n.惊异，惊奇；奇迹,CET4,
wonderful,a.惊人的；极好的,CET4,
wood,n.树林，森林；木头,CET4,
wooden,a.木制的；呆板的,CET4,
wool,羊毛； 毛线， 绒线,CET4,
woollen,a.羊毛制的，毛线的,CET4,
word,n.词；话；消息；语言,CET4,
work,n.工作；职业 vi.工作,CET4,
worker,n.工人；工作者，人员,CET4,
workman,工人， 劳动者， 工匠,CET4,
workshop,车间， 作坊， 创作室； 研讨会， 讲习班,CET4,
world,n.世界；世人；世间,CET4,
world-wide,遍及全球的,CET4,
worm,虫， 蠕虫,CET4,
worry,vt.使烦恼 vi.发愁,CET4,
worse,a.更坏的 ad.更坏,CET4,
worship,礼拜；崇拜；信奉；崇拜,CET4,
worst,a.最坏的 ad.最坏地,CET4,
worth,a.值…的 n.价值,CET4,
worthless,无价值的， 无用的,CET4,
worthwhile,值得花时间的， 值得做的,CET4,
worthy,有价值的， 值得的,CET4,
would,aux.v.将；愿；总是,CET4,
wound,n.创伤，伤 vt.使受伤,CET4,
wrap,裹，包，捆；披肩,CET4,
wreath,n.花环，花圈，花冠,CET4,
wreck,失事；残骸；精神或身体已垮的人；破坏,CET4,
wrist,腕， 腕关节,CET4,
write,vt.书写；写 vi.写,CET4,
writer,作者， 作家,CET4,
writing,书写， 写； 著作,CET4,
wrong,a.错误的 ad.错，不对,CET4,
x-ray,X射线， X光,CET4,
yard,n.院子，庭院；场地；n.码,CET4,
yawn,打呵欠；呵欠,CET4,
year,n.年；年年,CET4,
yearly,一年一度地；每年的,CET4,
yellow,a.黄(色)的 n.黄(色),CET4,
yes,ad.是，是的,CET4,
yesterday,n.&ad.昨天，昨日,CET4,
yet,ad.还；已经 conj.而,CET4,
yield,出产；让出，放弃；屈服，顺从；倒塌，垮掉；产量,CET4,
you,pron.你，你们,CET4,
young,a.年轻的 n.青年们,CET4,
youngster,青年， 年轻人， 孩子,CET4,
your,pron.你的，你们的,CET4,
yours,pron.你们的(东西),CET4,
yourself,pron.你自己；你亲自,CET4,
youth,n.青春；青年们；青年,CET4,
youthful,a.年轻的，青年的,CET4,
zeal,n.热心，热情，热忱,CET4,
zealous,a.热心的，热情的,CET4,
zebra,n.斑马,CET4,
zero,n.零；零点，零度,CET4,
zone,地区， 区域， 范围,CET4,
zoo,n.动物园,CET4,
abnormal,反常的， 异常的 (adj.),CET6,
abolish,彻底废除， 废止 (vt.),CET6,
abortion,流产， 堕胎 (n.),CET6,
abrupt,突然的， 意外的； 唐突的， 鲁莽的 (adj.),CET6,
absurd,荒谬的， 荒唐的 (adj.),CET6,
abundance,大量， 丰富， 充足 (n.),CET6,
accessory,附件， 零件， 配件； 装饰品； 同谋， 帮凶， 包庇犯 (n.),CET6,
accommodate,容纳； 向…提供住处； 使适应， 顺应 (vt.),CET6,
activate,使活动起来； 使开始作用 (vt.),CET6,
addict,有瘾的人； 入迷的人 (n.)；使成瘾， 使入迷 (vt.),CET6,
adhere,黏附， 附着； 遵守； 坚持； 追随， 支持 (vi.),CET6,
adjacent,邻近的， 毗连的 (adj.),CET6,
adjoin,贴近； 与…毗连 (vt.),CET6,
adolescent,青春期的； 青少年的 (adj.)；青少年 (n.),CET6,
adore,崇拜， 敬慕； 爱慕， 热爱； 非常喜欢 (vt.),CET6,
adverse,不利的， 有害的 (adj.),CET6,
aerial,飞机的，航空的；空中的，架空的 (adj.)；天线 (n.),CET6,
aesthetic,美学的， 审美的； 悦目的， 雅致的 (adj.),CET6,
affiliate,使隶属于 (vt.)；附属机构， 分公司 (n.),CET6,
affirm,断言， 坚持声称； 证实， 确认 (vt.),CET6,
afflict,使苦恼， 折磨 (vt.),CET6,
aggravate,加重， 加剧， 使恶化； 激怒， 使恼火 (vt.),CET6,
aggregate,总计的， 合计的 (adj.)；总数，合计 (n.)；总计达， 合计； 使聚集， 使积聚 (vt.),CET6,
agony,痛苦， 苦恼 (n.),CET6,
agreeable,令人愉快的， 惬意的； 同意的， 乐意的 (adj.),CET6,
air-conditioning,空调设备， 空调系统 (n.),CET6,
aisle,过道， 通道 (n.),CET6,
album,粘贴簿， 集邮簿， 相册 (n.),CET6,
alien,外国的，外国人的；陌生的；性质不同的，不相容的 (adj.)；外国人， 外侨； 外星人 (n.),CET6,
alienate,使疏远， 使不友好， 离间； 转让， 让渡 (vt.),CET6,
allege,断言， 宣称， 硬说 (vt.),CET6,
alleviate,减轻； 缓解， 缓和 (vt.),CET6,
alloy,合金 (n.)；将…铸成合金 (vt.),CET6,
alternate,交替的， 轮流的； 间隔的 (adj.)；轮流， 交替 (v.),CET6,
ambiguous,引起歧义的， 模棱两可的， 含糊不清的 (adj.),CET6,
ambitious,有抱负的， 雄心勃勃的； 有野心的 (adj.),CET6,
amend,修改，修订，改进 (vt.)；赔罪， 赔偿 (n.),CET6,
ammunition,弹药， 军火 (n.),CET6,
amplify,放大， 增强； 扩大； 详述， 进一步阐述 (vt.),CET6,
analogous,类似的， 相似的； 可比拟的 (adj.),CET6,
analogy,比拟； 类比， 类推 (n.),CET6,
apparatus,器械， 器具， 仪器； 机构， 组织 (n.),CET6,
appease,平息， 抚慰； 姑息 (vt.),CET6,
appendix,阑尾； 附录 (n.),CET6,
applaud,鼓掌，喝彩 (vi.)；向…鼓掌， 向…喝彩； 称赞， 赞许 (vt.),CET6,
appraisal,估计， 估量； 评价 (n.),CET6,
appropriation,据为己有， 占有； 挪用； 拨款 (n.),CET6,
apt,易于…的， 有…倾向的； 恰当的， 适宜的； 聪明的， 反应敏捷的 (adj.),CET6,
arc,弧形； 弧； 电弧， 弧光 (n.),CET6,
arena,表演场地， 竞技场； 活动场所 (n.),CET6,
armor,盔甲， 装甲； 保护物 (n.),CET6,
array,展示；陈列，一系列；排列，队形；衣服，盛装； (n.),CET6,
arrogant,傲慢的， 自大的 (adj.),CET6,
artery,动脉； 干线， 要道 (n.),CET6,
articulate,善于表达的， 发音清晰的； 表达得清楚有力的 (adj.)；明确有力地表达； 清楚地吐， 清晰地发 (vt.),CET6,
artillery,火炮， 大炮； 炮兵 (n.),CET6,
ascend,渐渐上升，升高 (vi.)；攀登， 登上 (vt.),CET6,
ascertain,弄清， 查明； 确定 (vt.),CET6,
ascribe,把…归因于， 把…归属于 (vt.),CET6,
aspiration,强烈的愿望； 志向， 抱负 (n.),CET6,
assassination,刺杀， 暗杀 (n.),CET6,
assault,攻击， 袭击 (n.),CET6,
assert,肯定地说， 断言； 维护， 坚持； 坚持己见 (vt.),CET6,
assertive,断定的； 过分自信的 (adj.),CET6,
assimilate,被吸收， 被消化； 被同化 (vi.)；吸收，消化；使同化 (vt.),CET6,
assimilation,同化， 同化作用； 消化 (n.),CET6,
assurance,把握， 信心； 保证， 表示保证的话； 保险 (n.),CET6,
atlas,地图集 (n.),CET6,
attendant,伴随的， 随之产生的 (adj.)；服务人员，侍者，随从 (n.),CET6,
auction,拍卖 (n&vt.),CET6,
authentic,真的， 真正的； 可靠的， 可信的 (adj.),CET6,
authoritative,有权威性的， 可信的； 专断的， 命令式的 (adj.),CET6,
authorize,授权， 批准 (vt.),CET6,
autonomous,自治的； 独立自主的 (adj.),CET6,
autonomy,自治， 自治权； 人身自由， 自主权 (n.),CET6,
avail,有帮助； 有益； 有用 (v.)；效用，利益，帮助 (n.),CET6,
avert,防止， 避免； 转移 (vt.),CET6,
aviation,航空， 航空学； 飞机制造业 (n.),CET6,
axis,轴， 轴线， 中心线； 坐标轴， 基准线 (n.),CET6,
ballet,芭蕾舞， 芭蕾舞剧； 芭蕾舞团 (n.),CET6,
bamboo,竹， 竹子 (n.),CET6,
bandage,绷带 (n.)；用绷带绑扎 (vt.),CET6,
banquet,宴会， 盛宴 (n.),CET6,
barren,贫瘠的， 荒芜的； 不结果实的， 不育的； 无益的， 没有结果的 (adj.),CET6,
barricade,路障，栅栏，障碍 (n.)；设路障于， 挡住 (vt.),CET6,
batch,一批， 一组， 一群； 一批生产量 (n.),CET6,
batter,连续猛击 (v.)；面糊 (n.),CET6,
beforehand,预先， 事先 (adv.),CET6,
belly,肚子， 腹部 (n.),CET6,
betray,背叛， 出卖； 失信于， 辜负； 泄露； 暴露， 显露 (vt.),CET6,
beverage,饮料 (n.),CET6,
bewilder,使迷惑； 使难住 (vt.),CET6,
bibliography,参考书目； 书目 (n.),CET6,
biography,传记 (n.),CET6,
bizarre,奇形怪状的， 怪诞的 (adj.),CET6,
blaze,熊熊燃烧，着火；发光，放光彩；迸发，爆发 (vi.)；火焰， 烈火； 光辉， 强烈的光； 迸发， 爆发； 灿烂， 炫耀 (n.),CET6,
blink,眨眼睛；闪亮，闪烁 (vi.)；眨眼睛； 一瞬间 (n.),CET6,
blossom,开花； 发展， 长成 (vi.)；花 (n.),CET6,
blunder,跌跌撞撞地走， 慌乱地走； 犯错误 (vi.)；错误 (n.),CET6,
blunt,钝的；率直的，直言不讳的 (adj.)；使迟钝； 使减弱； 使钝 (vt.),CET6,
blur,变模糊 (v.)；模糊，模糊的东西 (n.),CET6,
blush,脸红 (n&vi.),CET6,
bonus,奖金， 红利； 额外给予的东西 (n.),CET6,
booklet,小册子 (n.),CET6,
booth,小房间， 公用电话亭， 岗亭； 售货棚， 货摊 (n.),CET6,
bowel,肠； 内部， 深处 (n.),CET6,
boycott,抵制， 拒绝参与 (n&vt.),CET6,
brace,做好准备；振作精神 (vi.)；使防备，使受锻炼；支住，撑牢，使绷紧 (vt.)；支架， 托架 (n.),CET6,
breach,破坏，违反；破裂，不和；缺口，裂口 (n.)；攻破， 在…造成缺口； 破坏， 违反 (vt.),CET6,
breakthrough,突破， 突破性进展， 重要的新发现 (n.),CET6,
brew,冲泡；酝酿，行将发生 (vi.)；酿造；冲泡 (vt.)；冲泡的饮料 (n.),CET6,
bribe,向…贿赂，买通 (vt.)；贿赂， 行贿物 (n.),CET6,
briefcase,公文包， 公事包 (n.),CET6,
brink,边缘， 边沿 (n.),CET6,
brisk,轻快的， 生气勃勃的； 兴隆的， 繁忙活跃的； 寒冷而清新的 (adj.),CET6,
brochure,小册子 (n.),CET6,
bronze,青铜， 青铜色， 古铜色； 青铜制品， 铜牌 (n.),CET6,
brood,沉思，考虑；孵蛋 (vi.)；一窝； 全体孩子 (n.),CET6,
bruise,青肿，挫伤；伤痕，擦痕 (n.)；打青， 使受淤伤； 挫伤， 伤害 (vt.),CET6,
brutal,野兽般的， 残忍的； 无情的， 冷酷的， 难以忍受的 (adj.),CET6,
buck,猛然弓背跃起 (vi.)；美元，澳元；雄鹿，雄兔 (n.),CET6,
bud,发芽， 萌芽 (vi.)；花蕾，叶芽 (n.),CET6,
bug,虫子；小病；故障，缺陷；窃听器 (n.)；烦扰， 纠缠； 在…装窃听器 (vt.),CET6,
bull,公牛； 雄兽； 买进证券投机图利者， 看涨的人 (n.),CET6,
bulletin,简明新闻， 最新消息； 公告， 布告， 公报； 学报， 期刊 (n.),CET6,
bully,恃强欺弱者 (n.)；威吓， 欺负 (vt.),CET6,
bureaucracy,官僚主义， 官僚作风； 官僚机构； 官僚制度； 官僚 (n.),CET6,
burial,葬， 掩埋； 葬礼 (n.),CET6,
bust,爆裂，坏掉 (vi.)；打破，打碎 (vt.)；胸像， 半身像； 胸部， 胸围 (n.),CET6,
buzz,发出嗡嗡声；忙乱，急行；发出嘈杂的谈话声 (vi.)；嗡嗡声； 嘈杂的谈话声 (n.),CET6,
bypass,旁道，迂回道 (n.)；绕过， 绕…走； 越过， 置…于不顾 (vt.),CET6,
cafeteria,自助餐馆， 自助食堂 (n.),CET6,
calcium,钙 (n.),CET6,
calorie,大卡； 卡 (n.),CET6,
cane,手杖； 茎 (n.),CET6,
cannon,加农炮， 大炮， 火炮 (n.),CET6,
canvas,帆布； 帆布画布， 油画 (n.),CET6,
cape,斗篷， 披肩； 海角， 岬 (n.),CET6,
capsule,胶囊； 航天舱， 密封舱 (n.),CET6,
caption,说明文字， 字幕 (n.),CET6,
captive,被俘虏的，被捕获的 (adj.)；俘虏 (n.),CET6,
cardinal,最重要的； 基本的 (adj.)；红衣主教；【数】基数 (n.),CET6,
carve,切， 把…切碎； 雕刻， 刻 (vt.),CET6,
casualty,伤亡人员， 死伤者； 受害人， 损失的东西 (n.),CET6,
catastrophe,大灾难， 灾祸 (n.),CET6,
cater,满足需要， 迎合； 提供饮食及服务， 承办酒席 (vi.),CET6,
cathedral,大教堂 (n.),CET6,
catholic,[C-]天主教的；普遍的，广泛的 (adj.)；[C-]天主教徒 (n.),CET6,
caution,小心，谨慎；注意，警告 (n.)；警告， 劝…小心 (vt.),CET6,
cavity,洞， 穴， 凹处； 龋洞 (n.),CET6,
cellar,地窖， 地下室； 酒窖 (n.),CET6,
cemetery,墓地， 公墓 (n.),CET6,
census,人口普查， 统计 (n.),CET6,
ceramic,陶器的 (adj.)；陶瓷器 (n.),CET6,
cereal,加工而成的谷类食物； 谷类植物， 谷物 (n.),CET6,
certainty,必然的事， 确定的事实； 确信， 确实 (n.),CET6,
certify,证明， 证实； 发证书给 (vt.),CET6,
champagne,香槟酒 (n.),CET6,
chant,反复有节奏地喊叫；吟诵，咏唱 (vt.)；反复有节奏的喊叫； 赞美诗， 圣歌 (n.),CET6,
chapel,小教堂， 祈祷室 (n.),CET6,
cholesterol,胆固醇 (n.),CET6,
chord,和弦， 和音； 弦， 心弦 (n.),CET6,
chorus,合唱队；合唱，合唱曲；副歌，叠句；齐声，齐声说的话 (n.)；齐声说， 随声附和 (vt.),CET6,
chronic,慢性的， 久病的； 长久的， 不断的； 积习难改的 (adj.),CET6,
chunk,厚片， 大块； 相当大的部分 (n.),CET6,
circus,马戏， 马戏团； 喧闹的场面； 环形广场 (n.),CET6,
citizenship,"公民的身份, 公民的职责和权力 (n.)",CET6,
clamp,夹紧，夹住，固定 (vt.)；夹头， 夹具， 夹钳 (n.),CET6,
clan,宗族， 家族 (n.),CET6,
clarity,清楚， 明晰 (n.),CET6,
clasp,扣子，钩子；紧抱，紧握 (n.)；抱紧， 握紧； 扣住， 扣紧 (vt.),CET6,
clearance,净空， 余隙； 许可， 批准； 票据交换， 清算； 清除， 清理， 出空 (n.),CET6,
climax,高潮， 最令人兴奋的部分 (n.),CET6,
cling,紧紧抓住； 黏着， 挨近； 依附， 依恋； 坚持， 墨守， 忠实于 (vi.),CET6,
clip,夹子，回形针，别针；弹夹，弹仓；剪，修剪；剪报，电影片断 (n.)；夹住， 扣住； 剪， 修剪 (vt.),CET6,
clockwise,顺时针方向地 (adv.),CET6,
clone,无性繁殖， 克隆 (v.)；无性繁殖系，克隆；复制品，翻版 (n.),CET6,
closet,私下的；隐蔽的 (adj.)；橱，壁橱 (n.)；把…引进密室会谈 (vt.),CET6,
cluster,群集，丛生 (vi.)；串，簇；群，组 (n.)；使群集， 集中 (vt.),CET6,
clutch,企图抓住 (vi.)；抓紧，紧握 (vt.)；离合器； 掌握， 控制； 把握， 抓紧 (n.),CET6,
coalition,结合体， 同盟； 结合， 联合 (n.),CET6,
cocaine,可卡因， 古柯碱 (n.),CET6,
cocktail,鸡尾酒； 餐前开胃小吃； 混合物 (n.),CET6,
cognitive,认知的， 认识能力的 (adj.),CET6,
coherent,条理清楚的， 连贯的； 一致的， 协调的 (adj.),CET6,
coincide,同时发生； 相符， 相一致； 位置重合， 重叠 (vi.),CET6,
coincidence,巧合， 巧事； 一致， 符合 (n.),CET6,
collaboration,合作， 协作； 勾结 (n.),CET6,
collide,碰撞， 互撞； 冲突， 抵触 (vi.),CET6,
colonial,殖民地的 (adj.),CET6,
comet,彗星 (n.),CET6,
comic,喜剧的，滑稽的 (adj.)；连环漫画； 喜剧演员 (n.),CET6,
commemorate,纪念， 庆祝 (vt.),CET6,
commence,开始 (v.),CET6,
commend,称赞， 表扬； 推荐 (vt.),CET6,
commentary,实况报道， 解说词； 评论， 评论文章 (n.),CET6,
commodity,商品， 货物 (n.),CET6,
commonplace,普通的，平庸的 (adj.)；寻常的事物， 平庸的东西 (n.),CET6,
commonwealth,[C-]英联邦； 联邦， 联合体 (n.),CET6,
commute,乘公交车上下班，经常乘车往返于两地 (vi.)；减； 折合， 折偿； 上下班交通 (vt.),CET6,
compact,紧凑的，小巧的；坚实的 (adj.)；把…压实，使坚实['kɔmpækt] (vt.)；契约， 合同 (n.),CET6,
compartment,卧车包房， 隔间； 分隔的空间 (n.),CET6,
compatible,兼容的； 能和睦相处的， 合得来的 (adj.),CET6,
compensate,补偿， 弥补； 抵消 (v.),CET6,
competence,能力， 胜任， 称职 (n.),CET6,
compile,汇编； 编制， 编纂 (vt.),CET6,
complement,补充，互为补充的东西；编制名额；装备定额；补语['kɒmplɪm3nt] (n.)；补充， 与…相配 (vt.),CET6,
complexion,肤色， 面色； 局面； 性质 (n.),CET6,
complication,困难， 难题； 并发症 (n.),CET6,
compliment,赞美，恭维；致意，问候 (n.)；赞美， 恭维 (vt.),CET6,
comply,遵从， 依从， 服从 (vi.),CET6,
composite,混合成的，综合成的 (adj.)；合成物； 复合材料 (n.),CET6,
compulsory,必须做的， 强制性的； 必修的 (adj.),CET6,
compute,计算， 估算 (v.),CET6,
conceive,构想出， 设想； 怀孕 (vi.)；想出，认为；怀 (vt.),CET6,
conception,思想， 观念， 概念； 构想， 设想； 怀孕 (n.),CET6,
concise,简明的， 简要的 (adj.),CET6,
conclusive,确实的； 最后的； 决定性的 (adj.),CET6,
confer,商谈，商议 (vi.)；授予， 赋予 (vt.),CET6,
configuration,配置， 布局， 构造 (n.),CET6,
conform,遵守， 适应； 顺从； 相似， 一致， 符合 (vi.),CET6,
conscientious,认真的， 勤勤恳恳的 (adj.),CET6,
consecutive,连续的， 连贯的 (adj.),CET6,
consensus,一致， 一致同意 (n.),CET6,
consequent,作为结果的， 随之发生的 (adj.),CET6,
conserve,保护， 保藏， 保存 (vt.),CET6,
console,安慰，慰问 (vt.)；控制台， 操纵台 (n.),CET6,
consolidate,巩固， 加强； 联为一体， 合并 (v.),CET6,
conspicuous,显眼的， 明显的 (adj.),CET6,
constituent,组成的， 构成的 (adj.)；选民，选区居民；成分，组成；配料 (n.),CET6,
constrain,限制， 约束； 克制， 抑制 (vt.),CET6,
contaminate,弄脏， 污染 (vt.),CET6,
contemplate,盘算， 计议； 思量， 对…周密考虑； 注视， 凝视 (vt.),CET6,
contempt,轻视， 蔑视 (n.),CET6,
contend,争夺，竞争；搏斗，争斗 (vi.)；声称， 主张 (vt.),CET6,
contention,论点； 争论， 争辩 (n.),CET6,
continuity,连续， 持续 (n.),CET6,
contradict,反驳， 否认…的真实性； 与…发生矛盾， 与…抵触 (vt.),CET6,
contrive,谋划， 策划； 设法做到； 设计， 想出 (vt.),CET6,
convene,开会，集合 (vi.)；召集 (vt.),CET6,
converge,会合， 互相靠拢； 聚集， 集中； 趋近 (vi.),CET6,
conversion,转变， 变换； 改变信仰， 皈依 (n.),CET6,
cooperative,有合作意向的，乐意合作的；合作的，协作的 (adj.)；合作社， 合作商店 (n.),CET6,
cordial,热情友好的， 热诚的 (adj.),CET6,
cork,软木，软木塞 (n.)；用瓶塞塞住 (vt.),CET6,
corporate,法人团体的， 公司的； 全体的， 共同的 (adj.),CET6,
corps,队， 部队； 一组 (n.),CET6,
corpse,死尸， 尸体 (n.),CET6,
correlate,相关， 关联 (vi.)；使相互关联 (vt.),CET6,
corrode,腐蚀， 侵蚀 (v.),CET6,
corrupt,堕落的，腐败的，贪赃舞弊的 (adj.)；腐蚀， 使堕落 (vt.),CET6,
costume,服装， 服饰； 戏装， 成套服装 (n.),CET6,
counterpart,与对方地位相当的人， 与另一方作用相当的物 (n.),CET6,
courtesy,谦恭有礼； 有礼貌的举止 (n.),CET6,
coverage,新闻报道； 覆盖范围 (n.),CET6,
coward,胆小鬼， 懦夫 (n.),CET6,
cozy,舒适的； 亲切友好的 (adj.),CET6,
cradle,摇篮；策源地，发源地 (n.)；轻轻地抱， 捧 (vt.),CET6,
creation,创造， 创建； 创造的作品， 产物； 宇宙， 天地万物 (n.),CET6,
credible,可信的， 可靠的 (adj.),CET6,
crisp,脆的，鲜脆的；挺括的；清新的，干冷的；简明扼要的，利落的 (adj.)；油炸土豆片 (n.),CET6,
criterion,标准， 准则 (n.),CET6,
crumble,崩溃， 瓦解 (vi.)；弄碎 (vt.),CET6,
crystallize,结晶； 变得清晰而明确； 使具体化 (v.),CET6,
cucumber,黄瓜 (n.),CET6,
culminate,告终 (vi.),CET6,
cumulative,积累的， 渐增的 (adj.),CET6,
curb,控制，约束 (vt.)；控制， 约束； 路缘 (n.),CET6,
customary,习惯上的， 惯常的， 合乎习俗的 (adj.),CET6,
cute,漂亮的， 娇小可爱的； 聪明伶俐的， 精明的 (adj.),CET6,
cylinder,圆柱体， 圆筒； 气缸， 泵体 (n.),CET6,
cynical,愤世嫉俗的， 怀疑的 (adj.),CET6,
dart,猛冲，飞奔 (vi.)；投射 (vt.)；飞镖， 飞镖游戏； 急驰， 飞奔 (n.),CET6,
database,数据库 (n.),CET6,
dazzle,使眩目，耀；使赞叹不已；使倾倒 (vt.)；耀眼的光； 令人赞叹的东西 (n.),CET6,
deadly,非常， 极度地 (adv.)；致死的，致命的；不共戴天的；极度的，十足的 (adj.),CET6,
dean,教长， 主任牧师； 学院院长， 系主任， 训导主任 (n.),CET6,
decency,得体；宽容，大方；正派，合乎礼仪，体面； (n.),CET6,
decimal,十进位的 (adj.)；小数 (n.),CET6,
decisive,决定性的； 坚定的， 果断的， 决断的 (adj.),CET6,
decree,法令，政令；判决，裁决 (n.)；判决， 命令 (vt.),CET6,
dedicate,题献词于上； 把献给， 把用于 (vt.),CET6,
deduce,推论， 推断， 演绎 (vt.),CET6,
deduct,减去， 扣除 (v.),CET6,
deem,认为， 视为 (vt.),CET6,
default,不履行义务， 拖欠 (v.)；违约，拖欠；弃权；预设，缺省 (n.),CET6,
defendant,被告 (n.),CET6,
deferential,恭敬的， 恭顺的 (adj.),CET6,
defiance,违抗； 藐视 (n.),CET6,
deficiency,缺乏， 不足； 缺点， 缺陷 (n.),CET6,
deficit,赤字， 亏空， 亏损 (n.),CET6,
definitive,最可靠的， 权威性的； 决定性的 (adj.),CET6,
defy,违抗， 蔑视； 使成为不可能； 惹， 激 (vt.),CET6,
degenerate,衰退，堕落，蜕化 (vi.)；衰退的，堕落的 (adj.)；堕落者 (n.),CET6,
degrade,降低…的身份， 有辱…的人格； 使降解， 使退化 (vt.),CET6,
delusion,欺骗； 哄骗 (n.),CET6,
denial,否认； 拒绝， 拒绝给予 (n.),CET6,
denote,意思是； 表示， 是…的标志 (vt.),CET6,
denounce,谴责， 指责； 告发 (vt.),CET6,
dentist,牙科医生 (n.),CET6,
depict,描绘， 描述 (vt.),CET6,
deport,把…驱逐出境 (vt.),CET6,
deprive,剥夺， 使丧失 (vt.),CET6,
descendant,后裔， 后代 (n.),CET6,
descent,下降， 下倾； 斜坡， 坡道； 血统， 世系 (n.),CET6,
designate,指派， 委任； 标出； 把…定名为 (vt.),CET6,
despise,鄙视， 看不起 (vt.),CET6,
destined,命中注定的， 预定的； 以…为目的地的 (adj.),CET6,
destiny,命运； 定数， 天命 (n.),CET6,
destructive,破坏的， 毁灭的 (adj.),CET6,
detach,拆卸； 使分开， 使分离 (vt.),CET6,
detain,拘留， 扣留； 留住， 耽搁 (vt.),CET6,
deteriorate,恶化， 变坏 (vi.),CET6,
deviate,背离， 偏离 (vi.),CET6,
differentiate,区分，区别 (vi.)；区分， 区别； 使不同， 使有差异 (vt.),CET6,
differentiation,区别 (n.),CET6,
diffuse,扩散， 弥漫； 传播， 散布 (v.)；冗长的， 漫无边际的； 四散的， 弥漫的 (adj.),CET6,
dignity,庄严， 端庄； 尊严， 高贵 (n.),CET6,
dilemma,窘境， 困境 (n.),CET6,
diligent,勤勉的， 勤奋的 (adj.),CET6,
dilute,稀释的， 冲淡的 (adj.)；稀释，冲淡 (vt.),CET6,
diminish,变少，变小，降低 (vi.)；减少， 减小， 降低 (vt.),CET6,
dine,进餐 (vi.)；宴请 (vt.),CET6,
diploma,毕业文凭， 毕业证书， 资格证书 (n.),CET6,
diplomat,外交官， 外交家； 有交际手腕的人， 圆滑的人 (n.),CET6,
directory,人名地址录； 工商行名录； 号码簿 (n.),CET6,
disable,丧失能力， 伤残 (vt.),CET6,
disapproval,不赞成 (n.),CET6,
disastrous,灾难性的， 造成灾害的； 极坏的， 很糟的 (adj.),CET6,
discern,看出， 察觉出； 识别， 认出 (vt.),CET6,
discreet,谨慎的， 慎重的， 审慎的 (adj.),CET6,
discrepancy,不符合， 不一致 (n.),CET6,
discrete,分离的， 不相关联的 (adj.),CET6,
discriminate,区别， 辨别； 有差别地对待， 歧视 (vi.),CET6,
disintegration,破裂， 分裂； 瓦解 (n.),CET6,
dismantle,拆开， 拆卸 (vt.),CET6,
dismay,失望，气馁；惊恐 (n.)；使失望， 使气馁； 使惊恐 (vt.),CET6,
dispatch,派遣，调遣，发送 (vt.)；急件， 快信； 新闻报道； 派遣， 调遣 (n.),CET6,
disperse,分散， 赶散； 消散， 驱散 (vi.)；使分散，散开；使消散，消失 (vt.),CET6,
displace,取代， 替代； 迫使…离开家园， 使离开原位 (vt.),CET6,
disposable,可任意使用的 (adj.)；一次性物品， 不回收物品 (n.),CET6,
disposition,性情， 性格； 意向， 倾向； 排列， 部署 (n.),CET6,
disregard,不理会，漠视 (vt.)；忽视， 漠视 (n.),CET6,
disrupt,使中断； 扰乱 (vt.),CET6,
dissipate,消散，消失 (vi.)；使消散， 使消失； 浪费， 挥霍 (vt.),CET6,
distill,蒸馏， 用蒸馏法提取； 吸取， 提炼 (vt.),CET6,
distort,变形 (vi.)；歪曲，曲解；扭曲，使变形 (vt.),CET6,
distract,转移， 使分心 (vt.),CET6,
disturbance,扰乱， 打扰； 骚乱， 混乱； 心神不安， 烦恼 (n.),CET6,
diversion,转移， 转向； 消遣， 娱乐； 临时绕行路 (n.),CET6,
divert,使转向， 使改道； 转移， 转移…的注意力； 使娱乐， 使消遣 (vt.),CET6,
divine,神的， 神授的， 天赐的； 极好的， 极美的 (adj.),CET6,
dizzy,头晕目眩的，眩晕的；头晕的 (adj.)；令人发晕 (vt.),CET6,
dock,靠码头， 进港 (vi.)；码头，船埠；被告席 (n.)；使靠码头；扣 (vt.),CET6,
doctrine,教义， 教条； 主义 (n.),CET6,
dodge,闪身躲开 (vi.)；回避，逃避 (vt.)；托辞， 伎俩； 躲闪， 躲避 (n.),CET6,
dole,救济，救济金 (n.)；发放， 发给 (vt.),CET6,
dolphin,海豚 (n.),CET6,
domain,领域， 范围； 领地， 势力范围 (n.),CET6,
dome,圆屋顶， 穹顶 (n.),CET6,
donate,捐赠， 赠送 (vt.),CET6,
doom,注定，命定 (vt.)；厄运， 劫数 (n.),CET6,
doubtless,无疑地， 肯定地 (adv.),CET6,
drainage,排水系统， 下水道； 排水， 放水 (n.),CET6,
drastic,严厉的， 极端的； 激烈的， 迅猛的 (adj.),CET6,
drawback,缺点， 欠缺； 不利条件 (n.),CET6,
dread,担忧，忧虑；惧怕 (vt.)；担忧， 畏惧 (n.),CET6,
dreadful,糟透了的， 极不合意的； 极端的， 极其大的； 可怕的 (adj.),CET6,
drought,干旱， 旱灾 (n.),CET6,
dual,双的， 两重的 (adj.),CET6,
dub,给…起绰号， 把…称为； 为配音， 译制 (vt.),CET6,
dubious,怀疑的， 犹豫不决的， 无把握的； 有问题的； 靠不住的 (adj.),CET6,
duplicate,完全一样的， 复制的 (adj.)；完全一样的东西，复制品 (n.)；复制， 复印； 重复 (vt.),CET6,
dutiful,恭敬顺从的； 尽职的 (adj.),CET6,
dwarf,矮小的，发育不全的 (adj.)；矮子，侏儒 (n.)；使显得矮小， 使相形见绌 (vt.),CET6,
dwell,居住 (vi.),CET6,
easter,复活节 (n.),CET6,
eccentric,古怪的，怪癖的，异乎寻常的 (adj.)；古怪的人， 怪癖的人 (n.),CET6,
eclipse,食；消失，黯然失色 (n.)；食， 遮掩光； 使暗淡， 使失色， 使相形见绌 (vt.),CET6,
ecology,生态； 生态学 (n.),CET6,
edible,可以吃的， 可食用的 (adj.),CET6,
educational,教育的， 教育性的 (adj.),CET6,
ego,自我， 自己， 自尊 (n.),CET6,
eject,驱逐， 逐出； 喷射， 排出； 弹出 (vt.),CET6,
elapse,消逝， 过去 (vi.),CET6,
electrician,电工， 电气技师 (n.),CET6,
electrify,使充电， 使电气化； 使激动， 使兴奋 (vt.),CET6,
elevate,提升…的职位， 提高， 改善； 使情绪高昂； 举起， 使上升 (vt.),CET6,
elicit,诱出， 探出 (vt.),CET6,
eligible,有条件被选中的； 合适的， 合意的 (adj.),CET6,
elite,[总称] 上层人士， 掌权人物， 实力集团； [总称]出类拔萃的人， 精英 (n.),CET6,
eloquent,雄辩的， 口才流利的， 有说服力的； 明白显示出的 (adj.),CET6,
embark,上船； 着手， 开始工作 (vi.),CET6,
embed,把…嵌入， 扎牢； 使深留脑中 (vt.),CET6,
embody,代表， 表现， 体现； 包括； 包含； 收录 (vt.),CET6,
empirical,以经验为依据的， 经验主义的， 经验的 (adj.),CET6,
enclosure,四周有篱笆的场地， 围场； 附件 (n.),CET6,
endeavor,努力， 尽力， 尝试 (n&v.),CET6,
endow,资助， 捐赠； 给予， 赋予， 认为…具有某种特质 (vt.),CET6,
endurance,忍耐力； 持久， 耐久 (n.),CET6,
energetic,精力充沛的， 充满活力的 (adj.),CET6,
engagement,订婚， 婚约； 约会 (n.),CET6,
enlighten,启发， 开导 (vt.),CET6,
enlightenment,启发， 开导； 开明， 文明 (n.),CET6,
enrich,充实， 使丰富； 使富裕， 使富有 (vt.),CET6,
ensue,接着发生， 接踵而来， 因而产生 (vi.),CET6,
entail,使承担； 使成为必要， 需要 (vt.),CET6,
enthusiastic,满腔热情的， 热心的， 极感兴趣的 (adj.),CET6,
entity,实体， 独立存在体， 实际存在物 (n.),CET6,
entrepreneur,企业家 (n.),CET6,
envisage,想象， 设想 (vt.),CET6,
epoch,时期， 时代 (n.),CET6,
equator,赤道 (n.),CET6,
erosion,腐蚀， 侵蚀， 磨损； 削弱， 减少 (n.),CET6,
erupt,喷发， 喷出； 爆发， 突然发生 (vi.),CET6,
escort,护卫者，护送者 (n.)；护送， 护卫 (vt.),CET6,
essence,本质， 实质， 要素； 精髓， 精华 (n.),CET6,
esthetic,美学的， 审美的； 悦目的， 雅致的 (adj.),CET6,
eternal,永久的， 永世的； 无休止的； 永恒的， 永不改变的 (adj.),CET6,
ethnic,种族的 (adj.),CET6,
evoke,唤起， 引起， 使人想起 (vt.),CET6,
exaggeration,夸张； 夸大之词 (n.),CET6,
exceptional,优越的， 杰出的； 例外的， 独特的， 异常的 (adj.),CET6,
execution,死刑； 实行， 执行， 履行； 演奏， 表演 (n.),CET6,
exemplary,可作楷模的， 典范的 (adj.),CET6,
exemplify,是…的典型； 例示， 举例证明 (vt.),CET6,
exempt,被免除的， 被豁免的 (adj.)；免除，豁免 (vt.),CET6,
exile,流放，流亡；被流放者，流亡国外者 (n.)；流放， 放逐， 使流亡 (vt.),CET6,
exotic,外来的， 异国情调的； 奇异的 (adj.),CET6,
expectancy,预料； 期待； 盼望 (n.),CET6,
expedition,旅行， 远征； 远征队， 探险队， 考察队； 迅速， 动作敏捷 (n.),CET6,
expel,把…除名， 把…开除； 驱逐， 赶走， 放逐； 排出， 喷出 (vt.),CET6,
expend,花费， 消费； 消耗 (vt.),CET6,
expenditure,经费， 支出额； 花费， 支出， 消耗 (n.),CET6,
expertise,专门知识， 专长 (n.),CET6,
expire,期满， 终止； 断气， 死亡 (vi.),CET6,
explicit,详述的， 明确的， 明晰的； 直言的， 露骨的 (adj.),CET6,
exposition,阐述， 讲解； 展览会， 博览会 (n.),CET6,
exquisite,精美的， 精致的； 敏锐的， 有高度鉴赏力的； 剧烈的， 感觉强烈的 (adj.),CET6,
extinct,灭绝的， 绝种的； 不再活跃的， 熄灭了的， 已废弃的 (adj.),CET6,
extinguish,熄灭， 扑灭； 使消亡， 使破灭 (vt.),CET6,
extract,取出，抽出；采掘，提炼，榨取；获得，索取；摘录['3kstrækt] (vt.)；摘录， 选段； 提出物， 精， 汁 (n.),CET6,
extravagant,奢侈的； 过度的， 过分的， 放肆的 (adj.),CET6,
fabricate,捏造， 伪造， 编造； 建造 (vt.),CET6,
facet,一个方面； 面 (n.),CET6,
facilitate,使…变得容易， 使便利 (vt.),CET6,
fake,假的，伪造的 (adj.)；假货；骗子 (n.)；伪造， 捏造； 伪装 (vt.),CET6,
falsehood,谬误， 虚假； 谎言， 说谎 (n.),CET6,
feast,尽情地吃， 宴饮； 参加宴会 (vi.)；盛宴，筵席；节日 (n.),CET6,
federation,联合会； 联邦 (n.),CET6,
feeble,虚弱的， 衰弱的， 无力的； 无效的， 无益的 (adj.),CET6,
fellowship,伙伴关系， 交情， 友谊； 团体， 协会， 联谊会； 奖学金， 研究员职位 (n.),CET6,
feminine,女性的， 女子的； 女子气的 (adj.),CET6,
femininity,女性气质 (n.),CET6,
ferry,渡船 (n.)；渡运 (vt.),CET6,
finite,有限的， 有限制的； 限定的 (adj.),CET6,
fitting,适合的， 恰当的 (adj.)；设备，家具，日用器具；配件，附件，零件；试穿，试衣 (n.),CET6,
fixture,固定装置； 固定在某位置的人 (n.),CET6,
flank,肋，肋腹，侧边；侧翼 (n.)；位于…的侧面 (vt.),CET6,
flap,飘动， 拍动； 振翅 (vi.)；片状垂悬物；飘动，摆动，振动；激动，慌忙状态 (n.)；使拍动，使飘动 (vt.),CET6,
flare,闪耀，烧旺；突发，突然发怒 (vi.)；闪光信号， 照明弹 (n.),CET6,
flask,长颈瓶， 酒瓶， 烧瓶 (n.),CET6,
flatter,向…谄媚， 奉承； 使满意， 使感到荣幸； 使显得好看， 使显得突出 (vt.),CET6,
flaw,缺点， 瑕疵， 缺陷 (n.),CET6,
fling,扔，掷；使扑，使投身 (vt.)；尽情欢乐的一阵， 一时的放纵 (n.),CET6,
flip,〈口〉无理的， 轻率的， 轻浮的 (adj.)；快速翻动，转动 (vt.)；捻掷，轻抛；轻拍 (n.),CET6,
fluctuate,波动， 涨落， 起伏 (vi.),CET6,
fluorescent,荧光的， 发荧光的 (adj.),CET6,
flush,发红 (vi.)；齐平的， 同高的 (adj.),CET6,
flutter,振翼，拍翅而飞；飘动，飘扬；快速跳动 (vi.)；紧张， 激动不安 (n.),CET6,
foam,起泡沫， 吐白沫 (vi.)；泡沫；泡沫材料，泡沫状物 (n.),CET6,
foil,箔，金属薄片；陪衬，衬托 (n.)；挫败， 使受挫折 (vt.),CET6,
foremost,最好的， 最著名的， 最重要的 (adj.),CET6,
foresee,预见， 预知 (vt.),CET6,
formidable,可怕的， 令人敬畏的； 难以克服的， 难对付的 (adj.),CET6,
formulate,构想出， 规划； 系统地阐述 (vt.),CET6,
fort,堡垒， 城堡 (n.),CET6,
forthcoming,即将到来的； 可得到的； 乐于提供消息的 (adj.),CET6,
forum,论坛， 讨论会； 专题讨论节目 (n.),CET6,
fossil,化石； 食古不化的人， 老顽固 (n.),CET6,
foster,收养的 (adj.)；收养，养育；培养，促进 (vt.),CET6,
foul,难闻的，发臭的；令人不愉快的，糟透了的；污浊的，肮脏的；下流的，辱骂性的；恶劣的，有暴风雨的；邪恶的，罪恶的 (adj.)；对…犯规；弄脏，弄污 (vt.)；犯规 (n.),CET6,
fracture,断裂，折断 (v.)；裂缝， 裂痕； 折断 (n.),CET6,
fragile,易碎的， 脆的， 易损坏的； 虚弱的， 脆弱的 (adj.),CET6,
fragrance,芳香， 香味； 香水 (n.),CET6,
frantic,慌乱不安的； 发疯似的， 发狂的 (adj.),CET6,
fraud,欺诈， 诈骗； 骗子 (n.),CET6,
friction,不和， 抵触； 摩擦 (n.),CET6,
fringe,附加的 (adj.)；刘海；饰以流苏的边；边缘，外围 (n.)；成为…的边缘 (vt.),CET6,
frustration,挫败， 挫折， 受挫 (n.),CET6,
furious,狂怒的， 暴怒的； 强烈的， 激烈的 (adj.),CET6,
fury,狂怒， 暴怒； 狂暴， 狂烈 (n.),CET6,
fuse,熔合， 合并； 因保险丝熔断而中断工作 (v.)；保险丝，熔丝；导火线 (n.),CET6,
fusion,联合， 合并； 核聚变 (n.),CET6,
galaxy,星系； 银河系， 银河； 一群 (n.),CET6,
gamble,赌博，打赌；投机，冒险 (vi.)；赌，以…为赌注 (vt.)；赌博； 投机， 冒险 (n.),CET6,
garment,衣服 (n.),CET6,
gasp,喘气，倒抽气 (vi.)；喘着气说出 (vt.)；喘气， 倒抽气 (n.),CET6,
gauge,测量仪表；厚度，直径；规格、尺寸 (n.)；估计， 判断； 计量， 度量 (vt.),CET6,
generalize,概括， 归纳， 推断； 普及 (vt.),CET6,
genetic,遗传的 (adj.)；[-s]遗传学 (n.),CET6,
geology,地质学； 地质情况 (n.),CET6,
gigantic,巨大的， 庞大的 (adj.),CET6,
giggle,咯咯笑， 傻笑 (n.),CET6,
glamor,魅力， 诱惑力 (n.),CET6,
gland,腺 (n.),CET6,
glare,怒目而视；发射强光，发出刺眼的光线 (vi.)；强光； 怒视， 瞪眼； 炫耀， 张扬 (n.),CET6,
gleam,闪亮， 闪烁； 闪现， 流露 (n&vi.),CET6,
glide,滑行， 滑动； 滑翔 (n.),CET6,
glitter,闪闪发光，闪耀 (vi.)；闪光， 灿烂的光辉； 耀眼， 辉煌 (n.),CET6,
gloom,昏暗， 阴暗； 忧郁， 沮丧 (n.),CET6,
gloomy,忧郁的， 沮丧的； 令人沮丧的； 昏暗的， 阴沉的 (adj.),CET6,
gorgeous,华丽的， 灿烂的， 绚丽的； 令人十分愉快的， 极好的 (adj.),CET6,
gossip,传播流言蜚语 (vi.)；流言蜚语；爱说长道短的人 (n.),CET6,
gown,女礼服， 女裙服； 长袍； 罩衣 (n.),CET6,
gracious,亲切的，和蔼的；优美的；雅致的，雍容华贵的 (adj.)；天哪! (int.),CET6,
graphic,生动的， 形象的； 绘画的， 文字的， 图表的 (adj.),CET6,
graze,吃青草 (vi.)；放牧；擦伤；擦过，掠过 (vt.)；擦破 (n.),CET6,
grease,油脂；润滑脂，润滑油 (n.)；用油脂涂， 给…加润滑油 (vt.),CET6,
grief,悲伤， 悲痛； 悲伤的事， 悲痛的缘由 (n.),CET6,
grieve,感到悲痛，伤心 (vi.)；使伤心， 为…而伤心 (vt.),CET6,
grim,讨厌的， 糟糕的； 严厉的； 冷酷的， 无情的 (adj.),CET6,
grin,咧嘴笑 (n.),CET6,
groan,呻吟，抱怨；发出呻吟般的声音 (vi.)；呻吟， 抱怨； 呻吟般的声音 (n.),CET6,
groove,沟， 槽 (n.),CET6,
grope,暗中摸索，搜索；探索，搜寻 (vi.)；摸索 (vt.),CET6,
guardian,监护人； 守卫者， 保护者 (n.),CET6,
hamper,妨碍，束缚，限制 (vt.)；大篮子 (n.),CET6,
handbook,手册， 便览 (n.),CET6,
handicap,缺陷；障碍，不利条件 (n.)；妨碍， 使不利 (vt.),CET6,
hardy,能吃苦耐劳的， 坚强的； 耐寒的 (adj.),CET6,
hasty,草率的， 轻率的； 急速的， 匆忙的， 仓促完成的 (adj.),CET6,
hatch,孵出；筹划， (vt.)；舱门； 开口； 孵化 (n.),CET6,
haul,拖，拉；拖运，运送 (vt.)；拖， 拉， 托运； 一次获得的数量 (n.),CET6,
haunt,常出没于；使苦恼，使担忧；萦绕在心头，缠绕 (vt.)；常去的地方 (n.),CET6,
hawk,鹰，隼；“鹰派”人物 (n.)；叫卖， 兜售 (vt.),CET6,
hazardous,危险的； 冒险的 (adj.),CET6,
heighten,提高， 加强 (v.),CET6,
heir,继承人 (n.),CET6,
hemisphere,地球的半球； 大脑半球 (n.),CET6,
henceforth,从今以后， 从此以后 (adv.),CET6,
herb,药草， 香草； 草本植物 (n.),CET6,
heritage,遗产； 继承物； 传统 (n.),CET6,
hierarchy,等级制度； 统治集团， 领导层 (n.),CET6,
hike,徒步旅行 (vi.)；徒步旅行；增加，上升 (n.)；提高 (vt.),CET6,
hinder,阻碍， 妨碍 (vt.),CET6,
hinge,以…为转移 (vi.)；铰链 (n.)；装铰链 (vt.),CET6,
historian,历史学家， 史学工作者 (n.),CET6,
hitherto,到目前为止， 迄今 (adv.),CET6,
hoist,举起，升起，吊起 (vt.)；起重器械； 举起， 升起， 吊起 (n.),CET6,
hop,单足跳跃，单足跳行；齐足跳跃，齐足跳行 (vi.)；跳上 (vt.)；蹦跳； 短程航行 (n.),CET6,
hose,软管，水龙带 (n.)；用软管淋浇 (vt.),CET6,
hospitality,友好款待， 好客 (n.),CET6,
hostage,人质 (n.),CET6,
hound,猎犬 (n.)；追逼， 烦恼， 纠缠 (vt.),CET6,
hover,翱翔； 逗留在近旁， 徘徊； 彷徨， 犹豫 (vi.),CET6,
howl,嗥叫； 呼啸； 吼叫， 哀号 (n&vi.),CET6,
huddle,聚集在一起，挤作一团；把身子蜷成一团，蜷缩 (vi.)；使聚集在一起 (vt.)；挤在一起的人； 一堆杂乱的东西 (n.),CET6,
hug,紧抱在一起，互相拥抱 (vi.)；拥抱；紧抱，怀抱 (vt.)；紧抱， 热烈拥抱 (n.),CET6,
hum,哼曲子；发嗡嗡声 (vi.)；哼 (vt.)；嗡嗡声， 营营声， 嘈杂声 (n.),CET6,
humanity,人类， 人； 人性； 人道， 博爱； 人文学科 (n.),CET6,
humidity,湿度， 潮湿， 湿气 (n.),CET6,
hurl,猛投， 狠掷； 大声叫骂 (vt.),CET6,
hurricane,飓风 (n.),CET6,
hustle,催促，赶紧做；猛推，挤，强迫 (v.)；忙碌， 奔忙； 挤 (n.),CET6,
hypothesis,假设， 假说， 前提 (n.),CET6,
hysterical,情绪异常激动的， 歇斯底里般的 (adj.),CET6,
identification,身份证明； 鉴定， 验明， 认出； 认同 (n.),CET6,
ideology,思想， 思想意识 (n.),CET6,
idiom,习语， 成语； 风格， 特色 (n.),CET6,
idiot,白痴； 傻子， 笨蛋 (n.),CET6,
ignite,着火 (vi.)；点燃，引发 (vt.),CET6,
illuminate,照明， 照亮； 阐明， 启发 (vt.),CET6,
illusion,幻想， 错误的观念； 错觉， 幻觉， 假象 (n.),CET6,
imaginative,富有想象力的， 爱想象的 (adj.),CET6,
imitation,模仿； 仿制， 伪制品； 赝品 (n.),CET6,
immerse,使浸没； 使沉浸在， 使专心于 (vt.),CET6,
immune,免疫的， 有免疫力的， 不受影响的； 免除的， 豁免的 (adj.),CET6,
impair,损害， 损伤； 削弱 (vt.),CET6,
impart,告知， 透露； 赋予， 给予 (vt.),CET6,
imperative,必要的；紧急的，极重要的；命令的 (adj.)；必要的事， 必须完成的事； 【语】祈使语气 (n.),CET6,
imperial,帝国的， 帝王的； 英制的 (adj.),CET6,
impetus,推动， 促进， 刺激； 推动力 (n.),CET6,
implicit,不言明的， 含蓄的； 内含的， 固有的； 无疑问的 (adj.),CET6,
impulse,冲动， 一时的念头； 推动， 驱使； 脉冲 (n.),CET6,
impulsive,冲动的 (adj.),CET6,
inaugurate,开始， 开展； 为…举行就职典礼； 为…举行开幕式， 为…举行落成仪式 (vt.),CET6,
incentive,刺激， 鼓励 (n.),CET6,
incidence,发生率 (n.),CET6,
incidentally,顺便提及地， 顺便提一句 (adv.),CET6,
inclusive,包括一切的， 包括一切费用在内的； 所有数目包括在内的 (adj.),CET6,
incorporate,包含； 加上， 吸收； 把…合并， 使并入 (vt.),CET6,
incur,招致， 引起； 遭受 (vt.),CET6,
indefinite,无限期的； 模糊的， 不确定的 (adj.),CET6,
indicative,标示的，指示的，象征的；陈述的 (adj.)；【语】陈述语气 (n.),CET6,
indignant,愤怒的， 愤慨的， 义愤的 (adj.),CET6,
indignation,愤怒， 愤慨， 义愤 (n.),CET6,
induce,引导， 劝； 引起， 导致 (vt.),CET6,
indulge,沉溺， 纵容自己， 肆意从事 (vi.)；使沉溺于，满足；纵容，迁就 (vt.),CET6,
inertia,不活动， 惰性； 惯性 (n.),CET6,
infectious,传染的， 有传染性的； 有感染力的 (adj.),CET6,
inferiority,自卑； 次等 (n.),CET6,
inflict,把…强加给； 使…遭受， 使…承担 (vt.),CET6,
ingenious,设计独特的， 别致的， 巧妙的； 灵巧的， 善于创造发明的 (adj.),CET6,
inhabit,居住于， 栖居于 (vt.),CET6,
inherent,内在的； 固有的， 生来就有的 (adj.),CET6,
inhibit,阻止， 妨碍， 抑制 (vt.),CET6,
initiate,开始， 创造， 发起； 使初步了解； 接纳， 让…加入 (vt.)；新加入组织的人 (n.),CET6,
inject,注射， 给…注射； 注入， 引入， 投入 (vt.),CET6,
inland,在内地， 向内地 (adv.)；内陆的， 内地的 (adj.),CET6,
inlet,小湾， 水湾； 进口， 入口 (n.),CET6,
innovation,新方法， 新事物； 革新， 创新 (n.),CET6,
innumerable,无数的， 数不清的 (adj.),CET6,
insane,极蠢的， 荒唐的； 精神病的， 精神失常的， 疯狂的 (adj.),CET6,
inspiration,灵感； 鼓舞人心的人 (n.),CET6,
installment,分期付款， 分期交付； 部分 (n.),CET6,
instantaneous,瞬间的， 即刻的 (adj.),CET6,
instructional,指导的， 教育的 (adj.),CET6,
instrumental,起作用的， 有帮助的； 用乐器演奏的 (adj.),CET6,
insulate,使绝缘， 使隔热， 使隔音； 隔离， 使隔绝 (vt.),CET6,
insulation,绝缘 (n.),CET6,
intact,完整无缺的； 未经触动的； 未受损伤的 (adj.),CET6,
integral,构成整体所必需的， 基本的 (adj.),CET6,
integrity,正直， 诚实， 诚恳； 完整， 完全， 完善 (n.),CET6,
intellect,智力， 理解力； 才智非凡的人 (n.),CET6,
intelligible,可理解的， 明白易懂的， 清楚的 (adj.),CET6,
intensify,增强， 加剧 (v.),CET6,
intent,专心的， 专注的； 急切的 (adj.)；意图，意向，目的 (n.),CET6,
interact,相互作用， 相互影响 (vi.),CET6,
intercourse,性交； 交流， 交往， 交际 (n.),CET6,
interim,暂时的，临时的 (adj.)；间歇， 过渡期间 (n.),CET6,
intermittent,间歇的， 断断续续的 (adj.),CET6,
interpersonal,人与人之间的， 关于人与人之间关系的 (adj.),CET6,
intersection,道路交叉口， 交点 (n.),CET6,
intimidate,恐吓， 威胁 (vt.),CET6,
intricacy,错综复杂； (n.),CET6,
intricate,错综复杂的， 复杂精细的 (adj.),CET6,
intrigue,耍阴谋，施诡计 (vi.)；激起…的好奇心，迷住 (vt.)；阴谋， 诡计， 密谋 (n.),CET6,
intrinsic,固有的； 本质的； 内在的 (adj.),CET6,
intuition,直觉； 由直觉获知的信息 (n.),CET6,
invalid,无效的，作废的；无可靠根据的，站不住脚的 (adj.)；病弱者， 残疾者 (n.),CET6,
invaluable,非常宝贵的， 极为贵重的， 无价的 (adj.),CET6,
invariably,不变地， 始终如一地， 总是 (adv.),CET6,
inventory,详细目录， 存货清单 (n.),CET6,
invert,使倒转， 使倒置， 使颠倒 (vt.),CET6,
irony,反话， 冷嘲， 嘲弄； 具有讽刺意味的事 (n.),CET6,
irrespective,不考虑的， 不顾及的 (adj.),CET6,
irrigation,灌溉 (n.),CET6,
irritate,使恼怒， 使烦躁； 使不适， 使疼痛 (vt.),CET6,
isle,小岛， 岛 (n.),CET6,
ivory,象牙； 象牙色， 乳白色 (n.),CET6,
jeopardize,危及， 危害 (vt.),CET6,
jerk,猝然一动，猛拉 (v.)；急推， 急拉， 急扭 (n.),CET6,
jog,慢跑； 轻轻碰撞 (n&v.),CET6,
junction,联结点， 交叉点， 枢纽 (n.),CET6,
junk,废旧物品，破烂 (n.)；丢弃， 废弃 (vt.),CET6,
justification,正当的理由， 借口 (n.),CET6,
juvenile,少年的，少年特有的；幼稚的，不成熟的 (adj.)；未成年人， 少年 (n.),CET6,
kidnap,绑架， 诱拐 (n.),CET6,
kidney,肾， 肾脏 (n.),CET6,
kit,成套工具，成套用品；配套元件 (n.)；装备 (vt.),CET6,
knit,编结， 编织； 愈合 (vi.)；编结，编织；使紧密地结合，使紧凑；皱紧，皱 (vt.),CET6,
knob,球形把手， 球形柄； 旋钮； 小块 (n.),CET6,
lace,网眼花边，透孔织品；鞋带，系带 (n.)；用系带束紧 (vt.),CET6,
lame,跛的， 瘸的； 站不住脚的， 差劲的； 蹩脚的 (adj.),CET6,
lash,将系牢；鞭打，抽打；猛烈打击；猛烈抨击，严厉斥责 (v.)；鞭打； 假睫毛； 鞭梢 (n.),CET6,
latent,潜在的， 隐伏的， 不易察觉的 (adj.),CET6,
latitude,纬度； 纬度地区； 回旋余地， 自由 (n.),CET6,
layman,门外汉， 外行 (n.),CET6,
layoff,解雇； 裁员； 歇工期， 停工期 (n.),CET6,
leaflet,散发传单 (v.)；传单，散页印刷品，小册子 (n.),CET6,
legend,传说， 传奇故事； 传奇人物 (n.),CET6,
legitimate,合情合理的；合理的，法律认可的 (adj.)；使合法 (vt.),CET6,
lever,杠，杠杆；途径，手段，工具 (n.)；撬动， 撬起 (vt.),CET6,
levy,征收 (vt.)；征税， 税款 (n.),CET6,
liability,责任； 负债， 债务； 不利条件， 起妨碍作用的人 (n.),CET6,
lieutenant,陆军中尉； 海军上尉 (n.),CET6,
likelihood,可能， 可能性 (n.),CET6,
linear,线的， 直线的， 线状的； 长度的； 线性的 (adj.),CET6,
linen,日用织品； 亚麻织品， 亚麻布 (n.),CET6,
liner,衬里； 大客轮 (n.),CET6,
linger,继续逗留， 留恋徘徊， 继续存留； 缓慢消失 (vi.),CET6,
literacy,识字， 有文化， 读写能力 (n.),CET6,
literal,照字面的， 原义的； 逐字的 (adj.),CET6,
litter,乱扔废弃物 (vi.)；乱扔东西 (vt.)；废弃物， 被胡乱扔掉的东西； 一窝； 杂乱的东西 (n.),CET6,
locality,地区， 地点 (n.),CET6,
locomotive,机车 (n.),CET6,
lofty,高傲的， 傲慢的； 崇高的， 高尚的； 高耸的， 极高的 (adj.),CET6,
longevity,长寿， 寿命 (n.),CET6,
loom,阴森地逼近， 隐现； 即将来临 (vi.)；织布机 (n.),CET6,
lounge,倚，躺；闲逛，闲荡 (vi.)；休息厅， 休息室 (n.),CET6,
lubricate,使润滑 (vt.),CET6,
luminous,发光的， 发亮的； 光明的 (adj.),CET6,
lunar,月的， 月球的 (adj.),CET6,
lure,吸引，引诱，诱惑 (vt.)；吸引力， 诱惑物； 诱饵， 鱼饵 (n.),CET6,
magistrate,地方行政官， 地方法官； 治安官 (n.),CET6,
magnify,放大， 扩大； 夸大， 夸张 (vt.),CET6,
magnitude,重要性， 重大； 巨大， 广大 (n.),CET6,
majesty,陛下； 雄伟， 壮丽； 庄严 (n.),CET6,
mall,购物中心 (n.),CET6,
maneuver,设法变动位置； 用策略， 耍花招 (vi.)；谨慎而熟练的动作；策略，花招；演习 (n.)；设法使变动位置；操纵，控制 (vt.),CET6,
manifest,明显的，显然的，明了的 (adj.)；显示， 表明， 证明； 使显现， 使显露 (vt.),CET6,
manipulate,操纵， 控制； 影响； 操作， 使用 (vt.),CET6,
mansion,大厦， 宅邸 (n.),CET6,
manuscript,手稿， 原稿， 底稿； 手写本 (n.),CET6,
marble,大理石； 弹子； 弹子游戏 (n.),CET6,
marginal,微小的， 少量的； 不重要的； 仅以微弱多数票获胜的； 记在页边的， 有旁注的 (adj.),CET6,
marsh,沼泽， 湿地 (n.),CET6,
marshal,元帅，最高指挥官；总指挥，司仪；执法官，警察局长，消防队长 (n.)；整理， 排列， 集结 (vt.),CET6,
masculine,男性的， 男子的； 男子气的 (adj.),CET6,
massacre,大规模屠杀，残杀；彻底击败 (vt.)；大屠杀， 残杀； 惨败 (n.),CET6,
masterpiece,杰作 (n.),CET6,
materialism,唯物主义 (n.),CET6,
maturity,成熟 (n.),CET6,
meadow,草地 (n.),CET6,
mediate,调解，斡旋 (vi.)；经调解解决； 经斡旋促成 (vt.),CET6,
medieval,中世纪的； 中古的 (adj.),CET6,
melody,旋律， 曲调； 悦耳的音乐 (n.),CET6,
memorize,记住， 熟记 (vt.),CET6,
menace,具有危险性的人；威胁，威吓 (n.)；威胁， 威吓 (vt.),CET6,
mercury,水银， 汞 (n.),CET6,
merge,结合， 合并， 合为一体 (v.),CET6,
messenger,送信人， 信使 (n.),CET6,
metabolic,代谢作用的， 新陈代谢的 (adj.),CET6,
metallic,金属的， 金属制的； 有金属特性的， 像金属的 (adj.),CET6,
metropolitan,大都市的， 大都会的； 首都的 (adj.),CET6,
midst,中部； 中间； 当中 (n.),CET6,
migrant,移居者， 移民； 候鸟， 迁移动物 (n.),CET6,
migrate,迁徙， 移栖； 移居， 迁移 (vi.),CET6,
militant,激进的；好斗的 (adj.)；激进分子， 斗士 (n.),CET6,
millionaire,百万富翁， 大富翁 (n.),CET6,
mingle,混合起来， 相混合； 相交往， 相往来 (vi.)；使混合，使相混 (vt.),CET6,
miniature,小型的，微小的 (adj.)；微小的模型， 缩影； 微型画， 微型人物像 (n.),CET6,
minibus,小型公共汽车 (n.),CET6,
minimal,最小的， 最低限度的 (adj.),CET6,
misery,痛苦， 苦恼， 苦难； 悲惨的境遇， 贫苦 (n.),CET6,
misfortune,不幸， 厄运， 逆境； 不幸事故， 灾难， 灾祸 (n.),CET6,
missionary,传教士 (n.),CET6,
mistress,情妇； 主妇， 女主人 (n.),CET6,
moan,呻吟，呜咽；抱怨，发牢骚 (vi.)；抱怨 (vt.)；呻吟声， 呜咽声； 怨声， 牢骚 (n.),CET6,
mob,暴民，乌合之众 (n.)；成群围住， 聚众袭击 (vt.),CET6,
mobilize,动员起来 (vi.)；动员；调动，鼓动起 (vt.),CET6,
mock,嘲笑，嘲弄 (vi.)；模拟的， 演习的； 假的， 假装的 (adj.)；嘲笑，嘲弄；模仿 (vt.),CET6,
modesty,谦虚 (n.),CET6,
module,组件， 模块， 模件； 舱 (n.),CET6,
momentum,动力， 冲力， 势头； 动量 (n.),CET6,
monetary,钱的， 货币的； 金融的 (adj.),CET6,
monopoly,垄断， 专卖； 垄断物， 垄断商品， 专卖商品 (n.),CET6,
monster,大的， 庞大的 (adj.)；怪物；极其残酷的人；巨人，巨兽，巨大的东西 (n.),CET6,
morality,道德， 道德性； 德行， 品行； 道德观， 道德规则 (n.),CET6,
mortal,终有一死的；致命的；你死我活的，不共戴天的 (adj.)；凡人， 人类 (n.),CET6,
mortgage,抵押，抵押借款 (n.)；抵押 (vt.),CET6,
motel,汽车旅馆 (n.),CET6,
mourn,哀悼； 感到痛心 (v.),CET6,
muddy,泥泞的，沾满烂泥的；灰暗的，暗淡的；模糊的，糊涂的 (adj.)；使沾上烂泥； 使显得扑朔迷离 (vt.),CET6,
multitude,大量， 许多； 大众， 民众 (n.),CET6,
municipal,市的， 市政的 (adj.),CET6,
murmur,小声说； 小声抱怨， 咕哝； 发出连续而低沉的声音 (n&v.),CET6,
muscular,肌肉发达的， 强壮的； 肌肉的 (adj.),CET6,
mute,缄默的，无声的；哑的，不会说话的；不发音的 (adj.)；消除， 减轻 (vt.),CET6,
mutter,轻声低语； 小声抱怨 (n&v.),CET6,
naive,幼稚的； 天真的； 轻信的 (adj.),CET6,
napkin,餐巾 (n.),CET6,
narrative,叙述文， 故事； 叙述， 讲述 (n.),CET6,
nasty,令人讨厌的， 令人厌恶的； 难弄的， 困难的； 严重的， 恶劣的， 险恶的； 下流的， 道德败坏的 (adj.),CET6,
necessitate,成为必要， 需要 (vt.),CET6,
negligible,可忽略不计的， 微不足道的 (adj.),CET6,
nickel,镍； 五分镍币， 五分钱 (n.),CET6,
nickname,绰号，诨名 (n.)；给…起绰号 (vt.),CET6,
nil,无， 零 (n.),CET6,
nominal,名义上的， 有名无实的； 很少的， 象征性的； 名词性的 (adj.),CET6,
nominate,提名， 任命； 推荐， 指定 (vt.),CET6,
nonetheless,尽管如此， 依然， 然而 (adv.),CET6,
norm,标准， 规范； 准则 (n.),CET6,
notable,值得注意的，显著的；著名的 (adj.)；名人， 要人 (n.),CET6,
notation,记号， 标记法 (n.),CET6,
notification,通知， 告示； 通知书 (n.),CET6,
notorious,臭名昭著的， 声名狼藉的 (adj.),CET6,
notwithstanding,尽管 (adv.),CET6,
novelty,新奇事物； 新奇， 新奇感， 新奇性； 新颖小巧而廉价的物品 (n.),CET6,
numerical,数字的； 用数字表示的； 数值的 (adj.),CET6,
nurture,养育， 培育， 滋养 (n&vt.),CET6,
nutrition,营养 (n.),CET6,
oak,栎树， 橡树； 栎木， 橡木 (n.),CET6,
oath,誓言， 誓约； 咒骂， 诅咒语 (n.),CET6,
obedient,服从的， 顺从的 (adj.),CET6,
obesity,过度肥胖 (n.),CET6,
obscene,淫秽的， 下流的； 可憎的， 可恶的 (adj.),CET6,
obscure,不著名的，不重要的；费解的，模糊不清的 (adj.)；使变糊， 掩盖 (vt.),CET6,
odor,气味 (n.),CET6,
offset,补偿， 抵消 (vt.),CET6,
offspring,子女， 子孙， 后代； 崽 (n.),CET6,
olive,橄榄， 橄榄树 (n.),CET6,
ongoing,持续的， 继续的 (adj.),CET6,
opaque,不透明的， 不透光的； 难理解的， 晦涩的 (adj.),CET6,
oppress,压迫， 压制； 使沉重， 使烦恼 (vt.),CET6,
optimism,乐观， 乐观主义 (n.),CET6,
optimum,最合适的， 最优的， 最佳的 (adj.),CET6,
orient,转向特定方向；适应[theO-] (vi.)；使适应，使熟悉情况；使朝向，以…为方向 (vt.)；东方， 亚洲， 东半球 (n.),CET6,
oriental,东方的； 东方人的； 东方文化的 (adj.),CET6,
orientation,方向， 目标， 方位； 熟悉情况， 适应， 情况介绍 (n.),CET6,
originate,起源于，来自，产生 (vi.)；创造， 创始， 开创 (vt.),CET6,
ornament,装饰品，点缀品；装饰，点缀 (n.)；装饰， 点缀， 美化 (vt.),CET6,
orthodox,传统的； 正统的， 正宗的 (adj.),CET6,
outbreak,爆发， 突然发生 (n.),CET6,
outcry,大声疾呼， 呐喊； 强烈抗议 (n.),CET6,
outfit,全套服装； 一组人； 全套装备， 全套工具 (n.),CET6,
outrage,义愤，愤慨；暴行，骇人听闻的事件 (n.)；激起…的义愤， 激怒 (vt.),CET6,
overflow,满得外溢，外流，泛滥；充满，洋溢 (vi.)；淹没， 从…中溢出， 多得无法容纳 (vt.)；容纳不下的物； 溢出， 满出； 溢流口， 溢流管 (n.),CET6,
overhear,无意中听到， 偷听到 (vt.),CET6,
overlap,部分重叠； 部分相同 (v.)；重叠， 重叠的部分 (n.),CET6,
overpass,天桥， 立交桥 (n.),CET6,
overt,公开的， 不隐蔽的 (adj.),CET6,
overthrow,推翻，打倒；使终止，摒弃 (vt.)；推翻， 终止， 结束 (n.),CET6,
overturn,倾覆， 翻转， 翻倒 (vi.)；使翻转，使倾覆，使倒下；颠覆，推翻 (vt.),CET6,
overwhelm,使受不了， 使不知所措； 征服， 制服 (vt.),CET6,
overwhelming,势不可挡的， 压倒的； 巨大的 (adj.),CET6,
owl,猫头鹰 (n.),CET6,
oxide,氧化物 (n.),CET6,
ozone,臭氧 (n.),CET6,
pact,契约， 协定， 条约 (n.),CET6,
pamphlet,小册子 (n.),CET6,
paperback,平装本， 简装本 (n.),CET6,
paradise,天堂， 乐园 (n.),CET6,
paradox,似乎矛盾而正确的说法； 自相矛盾的人 (n.),CET6,
paralysis,麻痹， 瘫痪， 中风； 无能， 无力 (n.),CET6,
paralyze,使瘫痪， 使麻痹； 使丧失作用； 使惊愕， 使呆若木鸡 (vt.),CET6,
parameter,界限， 范围； 参数 (n.),CET6,
parasite,寄生生物； 寄生虫 (n.),CET6,
participant,参加者， 参与者 (n.),CET6,
partition,分隔物，隔墙；分割，划分 (n.)；隔开； 分割， 瓜分 (vt.),CET6,
pastime,消遣， 娱乐 (n.),CET6,
pastry,油酥面团， 酥皮糕点 (n.),CET6,
pasture,牧草地，牧场 (n.)；放牧 (vt.),CET6,
patent,专利的，受专利保护的 (adj.)；专利，专利权 (n.)；得到…的专利权 (vt.),CET6,
paternity,父权， 父子关系 (n.),CET6,
pathetic,差劲的， 令人生厌的； 引起怜悯的， 可怜的， 可悲的 (adj.),CET6,
patriot,爱国者， 爱国主义者 (n.),CET6,
patriotic,爱国的， 有爱国心的， 显示爱国精神的 (adj.),CET6,
patrol,巡逻，巡查 (v.)；巡逻， 巡查； 巡逻兵， 巡逻队 (n.),CET6,
patron,资助人， 赞助人； 老主顾， 顾客 (n.),CET6,
pave,铺， 铺筑 (vt.),CET6,
pearl,珍珠； 珠状物； 珍品 (n.),CET6,
pedal,踩踏板，骑车 (vi.)；踏板，踏脚 (n.)；脚蹬， 踩动…的踏板 (vt.),CET6,
pedestrian,步行者， 行人 (n.),CET6,
peel,剥落，脱皮 (vi.)；削…的皮，剥…的壳 (vt.)；皮， 外衣 (n.),CET6,
peg,小钉，栓，挂物钉；桩 (n.)；用钉子钉， 用钉固定； 限定； 将…看成， 将…归入 (vt.),CET6,
pendulum,摆， 钟摆； 摇摆不定的事态 (n.),CET6,
penguin,企鹅 (n.),CET6,
peninsula,半岛 (n.),CET6,
perfection,完美， 完善 (n.),CET6,
perfume,香水，香料，香气 (n.)；使充满芳香； 洒香水于 (vt.),CET6,
periodic,周期的， 定期的， 时而发生的 (adj.),CET6,
periodical,周期的； 定期的； 时而发生的 (adj.)；期刊 (n.),CET6,
perish,丧生， 毁灭， 消亡； 失去弹性， 老化 (vi.),CET6,
permeate,弥漫， 遍布， 散布； 渗入， 渗透 (v.),CET6,
permissible,可允许的， 许可的 (adj.),CET6,
perpetual,永久的， 永恒的， 长期的； 无休止的， 没完没了的 (adj.),CET6,
perplex,使困惑， 使费解； 使复杂化 (vt.),CET6,
persuasion,说服， 劝说； 信念， 信仰 (n.),CET6,
pest,有害生物， 害虫； 讨厌的人 (n.),CET6,
petition,请愿， 正式请求 (v.)；请愿书，申请书；诉状 (n.),CET6,
petty,小的， 琐碎的； 不重要的； 气量小的， 心胸狭窄的 (adj.),CET6,
physiological,生理的， 生理学的 (adj.),CET6,
pilgrim,朝圣者 (n.),CET6,
pirate,非法盗印者，侵犯版权者；海盗 (n.)；盗用， 非法盗印 (vt.),CET6,
pistol,手枪 (n.),CET6,
plague,瘟疫，鼠疫；灾难，祸患 (n.)；使痛苦， 给…造成困难 (vt.),CET6,
planetary,行星的 (n.),CET6,
plaster,灰浆，灰泥；石膏；橡皮膏，膏药 (n.)；在…上抹灰泥， 厚厚地涂抹 (vt.),CET6,
plateau,高原； 稳定时期 (n.),CET6,
plausible,似有道理的， 似乎正确的， 貌似可信的 (adj.),CET6,
plea,恳求， 请求； 抗辩， 答辩， 辩护； 借口， 托辞 (n.),CET6,
plead,恳求，请求；申诉，答辩，辩护 (vi.)；为…辩护， 提出…为理由 (vt.),CET6,
poke,伸出，突出 (vi.)；戳，捅；用…戳，把…戳向；伸出，突出 (vt.)；戳， 捅 (n.),CET6,
polar,地极的， 近地极的； 磁极的； 正好相反的， 截然对立的 (adj.),CET6,
pollutant,污染物质 (n.),CET6,
ponder,思索， 考虑， 沉思 (v.),CET6,
pope,教皇， 罗马主教 (n.),CET6,
porch,门廊 (n.),CET6,
pore,仔细阅读， 审视 (vi.)；毛孔，细孔 (n.),CET6,
portray,描写， 描绘； 扮演， 饰演 (vt.),CET6,
posture,摆出姿势， 装模作样 (vi.)；姿势，姿态；看法，态度 (n.),CET6,
practicable,可行的， 适用的 (adj.),CET6,
preach,布道， 说教 (vi.)；宣讲，布道；竭力鼓吹，宣传 (vt.),CET6,
precede,在…之前， 先于 (vt.),CET6,
precedent,先例， 范例； 【法】 判例； 惯例 (n.),CET6,
precipitate,使突然发生； 猛然抛下； 使沉淀 (v.),CET6,
preclude,排除； 阻止， 妨碍 (vt.),CET6,
predecessor,前任， 前辈； 原有事物， 前身 (n.),CET6,
predestine,预先确定； 注定 (vt.),CET6,
predominant,占主导地位的， 显著的 (adj.),CET6,
pregnancy,怀孕 (n.),CET6,
premature,比预期时间早的； 不成熟的， 仓促的 (adj.),CET6,
premier,首要的， 首位的， 首次的 (adj.)；总理，首相 (n.),CET6,
premise,房屋和地基， 经营场址； 前提， 假设 (n.),CET6,
premium,高级的，优质的；售价高的 (adj.)；保险金；额外费用，加付款；奖品，赠品；额外津贴 (n.),CET6,
preparatory,预备的 (adj.),CET6,
prescient,预知的， 预见的 (adj.),CET6,
prescription,处方， 药方， 药； 开处方， 开药方 (n.),CET6,
preside,主持，主管 (vi.),CET6,
prestige,威信， 威望 (n.),CET6,
presume,擅自行事 (vi.)；推测，假定，相信；冒昧，擅自；认定，推定 (vt.),CET6,
pretext,借口， 托辞 (n.),CET6,
prevalence,流行 (n.),CET6,
prevalent,流行的， 普遍的 (adj.),CET6,
preview,预映， 预演； 预告 (n.),CET6,
prey,捕食； 折磨， 使烦恼 (vi.)；被捕食的动物，捕获物；受害者 (n.),CET6,
privacy,个人自由； 隐私， 私生活， 私事 (n.),CET6,
probability,可能性， 可能发生的事； 概率 (n.),CET6,
probe,探索，查究，调查；用探针探查，探测 (v.)；探针， 探测器； 探索， 调查 (n.),CET6,
proceeding,诉讼 (n.),CET6,
processing,处理 (n.),CET6,
proclaim,宣告， 宣布， 声明； 显示 (vt.),CET6,
productive,多产的， 富饶的； 富有成效的 (adj.),CET6,
productivity,生产力； 生产率 (n.),CET6,
profess,表示， 承认； 宣称信仰 (vt.),CET6,
proficiency,熟练， 精通 (n.),CET6,
profitable,有利可图的， 有益的 (adj.),CET6,
profound,深度的， 深切的， 深远的； 知识渊博的， 见解深刻的； 深奥的 (adj.),CET6,
promising,有希望的， 有前途的 (adj.),CET6,
prone,易于…的， 很有可能…的； 俯卧的 (adj.),CET6,
propaganda,宣传 (n.),CET6,
propagate,繁殖， 增殖； 传播， 宣传， 普及 (v.),CET6,
propel,推进， 推动； 激励， 驱使 (vt.),CET6,
prophet,先知； 预言者 (n.),CET6,
proposition,论点， 主张； 建议， 提案； 命题 (n.),CET6,
prose,散文 (n.),CET6,
prosecute,起诉， 告发 (vi.)；对…提起公诉，告发，检举；继续从事 (vt.),CET6,
prospective,预期的； 未来的； 可能的 (adj.),CET6,
prototype,原型 (n.),CET6,
provocative,挑衅的， 煽动的， 刺激的； 挑逗的 (adj.),CET6,
proximity,接近， 邻近 (n.),CET6,
prune,修剪， 修整； 删除， 削减 (vt.),CET6,
psychiatrist,精神科医生， 精神病专家 (n.),CET6,
pudding,布丁 (n.),CET6,
pumpkin,南瓜 (n.),CET6,
purify,使纯净， 提纯； 使纯洁 (vt.),CET6,
purity,纯净， 纯洁， 纯正 (n.),CET6,
pursuit,追求， 寻求； 追赶， 追逐； 事， 嗜好， 消遣 (n.),CET6,
qualitative,性质的， 定性的 (adj.),CET6,
quantify,确定…的数量， 量化 (vt.),CET6,
quantitative,量的， 定量的 (adj.),CET6,
quart,夸脱 (n.),CET6,
quarterly,按季度，一季一次 (adv.)；季度的，每季一次的 (adj.)；季刊 (n.),CET6,
quartz,石英 (n.),CET6,
queer,奇怪的， 异常的； 不舒服的， 眩晕的 (adj.),CET6,
quench,止； 扑灭 (vt.),CET6,
quest,寻找， 搜索； 追求 (n.),CET6,
questionnaire,问卷， 征求意见表 (n.),CET6,
quiver,颤抖，发抖，抖动 (vi.)；颤抖， 抖动， 颤声 (n.),CET6,
quota,定额， 限额， 配额 (n.),CET6,
racket,喧嚷， 吵闹； 敲诈， 勒索， 诈骗； 球拍 (n.),CET6,
radiant,容光焕发的， 喜形于色的； 光芒四射的， 光辉灿烂的； 辐射的 (adj.),CET6,
radiate,发出， 辐射； 流露， 显示 (v.),CET6,
radioactive,放射性的， 有辐射能的 (adj.),CET6,
radius,半径， 半径范围 (n.),CET6,
random,任意的， 随机的 (adj.),CET6,
rap,说唱 (vi.)；敲击，急敲；突然厉声说出；责备，训斥 (vt.)；敲击， 急敲 (n.),CET6,
rape,强奸 (n&vt.),CET6,
rash,轻率的，鲁莽的 (adj.)；疹， 皮疹； 爆发的一连串 (n.),CET6,
rating,等级， 品级， 评定结果； 收视率， 收听率 (n.),CET6,
reaffirm,重申； 再确认 (vt.),CET6,
reap,收割， 收获； 获得， 得到 (vt.),CET6,
reassess,再评价 (vt.),CET6,
reassure,使放心 (vt.),CET6,
rebellion,反叛， 反抗 (n.),CET6,
recede,退， 退去， 渐渐远去； 向后倾斜， 缩进 (vi.),CET6,
recipe,烹饪法， 食谱； 方法， 秘诀， 诀窍 (n.),CET6,
recipient,接受者， 接收者 (n.),CET6,
reciprocal,相互的； 互惠的 (adj.),CET6,
recite,背诵， 朗诵； 列举， 一一说出 (v.),CET6,
reckless,鲁莽的， 不考虑后果的 (adj.),CET6,
reclaim,要回； 开垦； 回收 (vt.),CET6,
reconcile,使协调； 使和解； 使顺从， 使甘心 (vt.),CET6,
reconciliation,和解， 调和 (n.),CET6,
rectangular,长方形的， 矩形的 (adj.),CET6,
rectify,纠正， 修复 (vt.),CET6,
recur,再发生， 重现 (vi.),CET6,
recycle,回收利用 (vt.),CET6,
redundant,多余的， 过剩的 (adj.),CET6,
reel,摇摇晃晃地移动，蹒跚；眩晕，发昏 (vi.)；卷轴，卷筒，卷盘 (n.)；卷， 绕 (vt.),CET6,
referee,当裁判 (vi.)；裁判员；证明人，推荐人；仲裁者，调解者 (n.),CET6,
refrain,抑制，克制，戒除 (vi.)；叠句， 副歌 (n.),CET6,
refreshment,茶点， 点心； 恢复， 精神爽快 (n.),CET6,
refuge,庇护所， 避难处； 庇护 (n.),CET6,
refund,退款 (n.)；退还 (vt.),CET6,
refute,驳斥， 驳倒 (vt.),CET6,
regenerate,新生， 再生， 起革新作用 (vi.)；使新生，重建，改革，革新 (vt.),CET6,
regime,政治制度， 政权 (n.),CET6,
regiment,团；大量 (n.)；严格地管制， 严密地编组 (vt.),CET6,
rehearsal,排练， 排演 (n.),CET6,
reign,当政， 统治； 占主导地位 (vi.)；君主的统治，君主的统治时期 (n.),CET6,
rein,缰绳 (n.)；勒缰使停步； 控制， 约束 (vt.),CET6,
rejection,拒绝 (n.),CET6,
rejoice,感到高兴， 充满喜悦 (vi.),CET6,
relay,接力赛；中继转播 (n.)；传送， 传达， 转述； 中继转播 (vt.),CET6,
relegate,使降位， 使降级； 把…委托给 (vt.),CET6,
reliance,依靠， 依赖 (n.),CET6,
relish,享受，从…中获得乐趣 (vt.)；享受， 滋味， 乐趣； 调味品 (n.),CET6,
reluctance,不愿， 勉强 (n.),CET6,
remainder,余下的部分， 剩下的人数 (n.),CET6,
remnant,残留部分 (n.),CET6,
renaissance,文艺复兴， 文艺复兴时期； 复兴， 再生 (n.),CET6,
repay,归还； 报答 (vt.),CET6,
repel,使厌恶； 击退， 逐回， 驱除； 排斥 (vt.),CET6,
repertoire,全部节目 (n.),CET6,
repetitive,重复的， 反复性的 (adj.),CET6,
repression,压抑， 压制， 镇压 (n.),CET6,
reproach,责备， 批评 (n&vt.),CET6,
resemblance,相似， 形似 (n.),CET6,
resent,对…表示愤恨， 怨恨 (vt.),CET6,
reside,居住， 定居； 存在， 在于 (vi.),CET6,
residential,居住的， 住宅的； 寄宿的， 住在住所的 (adj.),CET6,
resultant,作为结果的， 因而发生的 (adj.),CET6,
retention,保留， 保持 (n.),CET6,
retort,反驳， 回嘴 (n&v.),CET6,
retrieve,重新得到， 取回， 收回； 挽回， 补救； 检索 (vi.),CET6,
retrospect,回顾 (n.),CET6,
reunion,重聚， 团聚； 聚会， 联谊活动 (n.),CET6,
revelation,被提示的真相， 新发现； 揭示， 透露， 显示 (n.),CET6,
revenge,报复，报仇 (n.)；为…报仇， 报…之仇 (vt.),CET6,
revive,复苏 (v.),CET6,
revolve,旋转 (vi.),CET6,
rig,操纵，垄断；给装配帆及索具；用临时替代材料迅速搭起 (vt.)；船桅的装置， 成套器械 (n.),CET6,
rigorous,严密的， 缜密的； 严格的， 严厉的 (adj.),CET6,
rim,边，缘 (n.)；环绕边缘 (vt.),CET6,
rip,扯破，撕坏 (v.)；裂口， 裂缝 (n.),CET6,
ritual,作为仪式一部分的； 例行的 (adj.)；仪式；例行公事，老规矩 (n.),CET6,
rivalry,竞争， 竞赛； 对抗 (n.),CET6,
robust,强壮的， 健康的 (adj.),CET6,
romance,恋爱， 恋爱关系； 浪漫气氛， 传奇色彩； 爱情小说， 传奇故事 (n.),CET6,
rot,腐烂，腐朽 (v.)；腐烂， 腐朽 (n.),CET6,
rotary,旋转的， 转动的 (adj.),CET6,
royalty,王族； 版税 (n.),CET6,
rupture,破裂 (v.)；破裂，裂开；决裂，断绝 (n.),CET6,
sacred,神圣的； 宗教的； 神圣不可侵犯的 (adj.),CET6,
safeguard,保护，维护 (vt.)；预防措施； 保证条款 (n.),CET6,
saleable,适合销售的 (adj.),CET6,
salute,敬礼，致意 (vi.)；向…敬礼，向…致意；赞扬，颂扬 (vt.)；敬礼， 致意 (n.),CET6,
salvation,拯救， 解救； 解救措施 (n.),CET6,
saturate,使湿透， 浸透； 使充满， 使饱和 (vt.),CET6,
savage,残暴的，凶猛的，粗鲁的；未开化的，野蛮的 (adj.)；野蛮人，粗鲁的人 (n.)；乱咬； 激烈抨击 (vt.),CET6,
scar,留下伤痕 (v.)；伤疤，伤痕；创伤 (n.),CET6,
scent,香味，气味；臭迹；踪迹，线索；香水 (n.)；嗅到， 察觉 (vt.),CET6,
scoop,舀出； 抢在之前报道新闻 (v.)；勺子；抢先报道的新闻 (n.),CET6,
scorn,轻蔑，鄙视 (n.)；轻蔑， 鄙视； 拒绝， 不屑 (vt.),CET6,
scramble,攀登，爬；争夺，抢夺 (vi.)；扰乱，搞乱 (vt.)；攀登， 爬行； 争夺， 抢夺 (n.),CET6,
scrap,碎片，碎屑；废金属；残羹剩饭；少量，点滴 (n.)；废弃， 抛弃 (vt.),CET6,
scrub,用力擦洗，把…擦净；取消 (v.)；矮树丛， 灌木丛 (n.),CET6,
scrutiny,详细检查， 仔细观察 (n.),CET6,
sculpture,雕刻， 雕塑； 雕刻作品， 雕塑品 (n.),CET6,
seam,缝， 接缝； 煤层 (n.),CET6,
seemingly,表面上， 看上去 (adv.),CET6,
segregate,使隔离， 使分开 (vt.),CET6,
sensation,感觉能力； 感觉， 知觉； 轰动， 引起轰动的事件 (n.),CET6,
sensational,轰动的， 耸人听闻的； 使人感动的， 非常好的 (adj.),CET6,
sentiment,意见， 观点； 感情， 情绪 (n.),CET6,
sergeant,中士， 警官 (n.),CET6,
serial,连续的， 顺序排列的 (adj.)；连续剧，连载故事 (n.),CET6,
setback,挫折， 倒退， 失败 (n.),CET6,
shabby,破旧的， 衣衫褴褛的； 卑鄙的； 不公正的 (adj.),CET6,
shaft,柄， 杆； 束， 光线； 轴； 竖井， 升降井 (n.),CET6,
shark,鲨鱼； 勒索者， 诈骗者， 放高利贷的人 (n.),CET6,
shatter,碎裂 (vi.)；使粉碎，砸碎；使破灭；使震惊 (vt.),CET6,
shepherd,牧羊人，羊倌 (n.)；带领， 引导 (vt.),CET6,
shipment,装运， 装船； 装载的货物 (n.),CET6,
shove,用力推，挤 (vi.)；乱推，挤；乱塞，随意放 (vt.)；猛推 (n.),CET6,
shrewd,机灵的， 敏锐的， 精明的 (adj.),CET6,
shrub,灌木 (n.),CET6,
shutter,百叶窗； 快门 (n.),CET6,
shuttle,穿梭般来回 (vi.)；短程穿梭运行的飞机；航天飞机；梭子 (n.)；短程穿梭运送 (vt.),CET6,
siege,包围， 围困 (n.),CET6,
sieve,筛子，漏勺 (n.)；筛， 滤 (vt.),CET6,
signify,有重要性 (vi.)；表示…的意思，意味，预示 (vt.),CET6,
silicon,硅 (n.),CET6,
simulate,模仿， 模拟； 假装， 冒充 (vt.),CET6,
simultaneous,同时发生的， 同时存在的； 同步的， 一齐的 (adj.),CET6,
sip,小口地喝，抿，呷 (v.)；小口喝， 一小口的量 (n.),CET6,
situated,位于…的， 坐落在…的； 处于…境地的 (adj.),CET6,
skeleton,骨骼； 框架， 骨干； 梗概， 提要 (n.),CET6,
skeptical,表示怀疑的 (adj.),CET6,
skip,跳，蹦跳；跳绳 (vi.)；跳过，略过，漏过 (vt.)；跳， 蹦跳 (n.),CET6,
skull,颅骨， 脑壳 (n.),CET6,
slack,懈怠， 懒散 (vi.)；懈怠的，马虎的；萧条的，清淡的，不活跃的；松的 (adj.)；松弛部分；宽松裤 (n.),CET6,
slash,砍；大幅度削减 (vt.)；砍， 砍痕； 斜线号 (n.),CET6,
slaughter,屠杀， 杀戮； 屠宰 (n&vt.),CET6,
slick,圆滑的， 口齿伶俐的； 精巧的， 巧妙的， 灵巧的； 光滑的， 滑溜的 (adj.),CET6,
slogan,标语， 口号； 广告语 (n.),CET6,
slot,狭缝，狭槽；位置，空位 (n.)；把…放入狭长开口中； 把…纳入其中， 使有位置 (vt.),CET6,
slum,贫民窟 (n.),CET6,
slump,大幅度下降，暴跌；突然倒下 (vi.)；萧条期， 低潮 (n.),CET6,
smuggle,走私， 非法私运； 偷运， 偷带 (vt.),CET6,
snack,快餐， 小吃， 点心 (n.),CET6,
snatch,一把抓住 (vi.)；夺，夺走，抢走；一下子拉，一把抓住；抓住机会做，抽空做 (vt.)；片断 (n.),CET6,
sneak,偷偷地走，溜 (vi.)；偷偷地做 (vt.),CET6,
sniff,以鼻吸气，用力吸入；嗅，闻 (v.)；吸气； 嗅， 闻 (n.),CET6,
sober,未醉的，有节制的；严肃的，持重的；素淡的，暗淡的 (adj.)；醒酒， 清醒 (v.),CET6,
solidarity,团结一致 (n.),CET6,
solitary,单独的， 独自的； 单个的， 唯一的； 孤独的， 隐居的 (adj.),CET6,
solo,以独力，单独地 (adv.)；单独的，单独进行的 (adj.)；独奏， 独唱， 独舞 (n.),CET6,
soluble,可溶的； 可解决的 (adj.),CET6,
sovereign,拥有最高统治权的， 至高无上的； 具有独立主权的 (adj.)；君主，元首 (n.),CET6,
spacious,宽广的， 宽敞的 (adj.),CET6,
sparkle,发光，闪耀，闪烁；活跃，焕发 (vi.)；闪光， 闪耀， 闪烁； 活力， 生气 (n.),CET6,
specialty,特产， 名产， 特色菜； 专业， 专长 (n.),CET6,
specification,规格， 规范； 明确说明； 说明书 (n.),CET6,
spectacle,演出， 场面； 景象， 壮观； 眼镜 (n.),CET6,
spectator,观众， 旁观者 (n.),CET6,
spectrum,谱， 光谱， 频谱； 范围， 幅度， 系列 (n.),CET6,
spice,香料，调味品；趣味，情趣，风味 (n.)；使增添趣味； 加香料于 (vt.),CET6,
spine,脊柱， 脊椎； 刺， 刺毛； 书脊 (n.),CET6,
spiral,盘旋上升； 不断急剧地上升 (vi.)；螺旋的 (adj.)；螺旋，螺旋式的上升 (n.),CET6,
splash,溅，泼 (v.)；溅泼声； 溅出的水； 斑点 (n.),CET6,
sponge,用湿海绵擦， 揩； 过寄生生活 (v.)；海绵 (n.),CET6,
spontaneous,自发的， 无意识的； 自然的， 天真率直的 (adj.),CET6,
spouse,配偶 (n.),CET6,
sprinkle,撒，洒 (v.)；少量， 少数 (n.),CET6,
spy,当间谍；暗中监视 (vi.)；间谍 (n.)；看见， 发现 (vt.),CET6,
squad,班， 小队， 小组 (n.),CET6,
stab,刺， 戳 (n&v.),CET6,
stability,稳定， 稳固 (n.),CET6,
stabilize,稳定， 稳固 (v.),CET6,
stagger,摇晃，蹒跚 (vi.)；使吃惊；使错开，使交错 (vt.)；蹒跚， 踉跄 (n.),CET6,
staircase,楼梯 (n.),CET6,
stalk,高视阔步地走 (vi.)；茎，梗，柄 (n.)；悄悄地跟踪 (vt.),CET6,
stall,熄火； 拖延， 推迟 (v.)；货摊； (n.),CET6,
staple,主要的； 经常需要的 (adj.)；订书钉，U形钉；主食；主要产品 (n.)；用订书钉订 (vt.),CET6,
startle,使惊吓， 使吃惊 (vt.),CET6,
statesman,国务活动家， 政治家 (n.),CET6,
stationary,固定的， 静止不动的 (adj.),CET6,
statistics,统计学； 统计表 (n.),CET6,
stereo,立体的；立体声的 (adj.)；立体声 (n.),CET6,
stern,严厉的，严格的，严峻的 (adj.)；船尾 (n.),CET6,
stimulus,促进； 刺激 (n.),CET6,
stitch,缝， 绣 (v.)；一针，线迹；缝法，针法，编结法；突然剧痛 (n.),CET6,
straightforward,正直的， 坦率的； 易懂的， 简单的 (adj.),CET6,
strand,股，缕；一个组成部分 (n.)；使搁浅 (vt.),CET6,
stray,走失，迷路；分心，走神；离题 (vi.)；迷路的，走失的；孤立的，零星的 (adj.)；走失的家畜 (n.),CET6,
streak,飞跑，疾驶 (vi.)；条纹，条痕；个性特征；一阵子，一连串 (n.)；在…上加条纹 (vt.),CET6,
streamline,使成流线型； 精简， 使效率更高 (vt.),CET6,
stride,大踏步走 (vi.)；大步； 步法， 步态； 进展， 进步 (n.),CET6,
strive,努力， 奋斗， 力求 (vi.),CET6,
stroll,散步， 闲逛 (n&vi.),CET6,
stubborn,顽固的， 执拗的， 倔强的； 难对付的， 难于克服的 (adj.),CET6,
stumble,绊脚， 绊倒； 跌跌撞撞地走； 结结巴巴 (vi.),CET6,
stump,脚步沉重地走 (vi.)；树桩；残根，残余部分 (n.)；把…难住，使为难；在…做巡回演说 (vt.),CET6,
stun,使震惊， 使目瞪口呆； 把…打昏， 使昏迷 (vt.),CET6,
sturdy,强壮的， 结实的， 坚固的； 坚定的， 坚强的 (adj.),CET6,
subculture,亚文化 (n.),CET6,
subjective,主观的， 个人的 (adj.),CET6,
submarine,水底的， 海底的 (adj.)；潜水艇 (n.),CET6,
subordinate,下级的，级别低的；次要的，从属的 (adj.)；部属， 下级 (n.)；使处于次要地位， 使从属于 (vt.),CET6,
subscribe,订阅，订购；同意，赞成 (vi.)；捐助， 赞助 (vt.),CET6,
subsidiary,辅助的，次要的，附设的 (adj.)；子公司， 附属机构 (n.),CET6,
subsidy,津贴， 补助金 (n.),CET6,
subtle,微妙的， 难以捉摸的； 诡秘的， 狡诈的； 隐约的 (adj.),CET6,
successor,接替的人或事物， 继任者 (n.),CET6,
sue,控告， 起诉； 要求， 请求 (v.),CET6,
suffice,足够 (vi.),CET6,
suite,套间； 一套家具； 套， 组， 系列 (n.),CET6,
sulfur,硫 (n.),CET6,
summon,召唤， 传唤； 鼓起， 振作； 召集， 召开 (vt.),CET6,
superintendent,主管人， 监管人， 负责人； 警长 (n.),CET6,
superiority,优越， 优等 (n.),CET6,
supersonic,超声的， 超音速的 (adj.),CET6,
supervise,监督， 管理， 指导 (v.),CET6,
supplementary,增补的， 补充的 (adj.),CET6,
suppress,压制， 镇压； 禁止发表， 查禁； 抑制， 忍住； 阻止…的生长 (vt.),CET6,
surgeon,外科医生 (n.),CET6,
surpass,超过， 优于， 多于； 超过…的界限， 非…所能办到 (vt.),CET6,
susceptible,易受影响的； 过敏的； 能经受的， 容许的 (adj.),CET6,
suspension,暂停， 中止； 暂令停止参加， 暂时剥夺； 悬架， 悬置机构； 悬浮液； 悬， 挂， 吊 (n.),CET6,
suspicious,猜疑的， 疑心的； 可疑的； 表示怀疑的 (adj.),CET6,
swamp,沼泽 (n.)；淹没， 浸没； 难倒， 压倒 (vt.),CET6,
swap,交换 (n&v.),CET6,
symbolic,符号的； 象征性的 (adj.),CET6,
symmetry,对称； 匀称， 整齐 (n.),CET6,
symphony,交响乐， 交响曲； 和谐， 协调 (n.),CET6,
symposium,讨论会， 专题报告会； 专题论文集 (n.),CET6,
syndrome,综合病症， 综合症状； 一系列表现 (n.),CET6,
synthesis,综合； 合成 (n.),CET6,
tack,平头钉，大头钉；行动方向，方针 (n.)；用平头钉钉； 附加， 增补 (vt.),CET6,
tan,晒成棕褐色 (vi.)；使晒成棕褐色；硝制 (vt.)；棕褐色， 棕黄色； 晒成棕褐色， 晒黑 (n.),CET6,
tangle,缠结，乱作一团 (v.)；乱糟糟的一堆， 混乱； 复杂的问题； 困惑 (n.),CET6,
tanker,油轮 (n.),CET6,
tariff,关税， 税率； 价目表， 收费表 (n.),CET6,
tease,戏弄， 取笑； 挑逗， 撩拨 (vt.),CET6,
telecommunications,通信， 电信 (n.),CET6,
temperament,气质， 性格 (n.),CET6,
tempo,速度； 节奏， 行进速度 (n.),CET6,
tempt,吸引， 引起…的兴趣； 引诱， 诱惑 (vt.),CET6,
tenant,房客， 佃户 (n.),CET6,
tentative,试探的， 试验的 (adj.),CET6,
terminate,停止， 终止 (v.),CET6,
terrace,排屋；地坪，草坪； (n.),CET6,
terrain,地形， 地势 (n.),CET6,
terrific,极妙的； 极大的； 令人恐惧的 (adj.),CET6,
terrify,使害怕， 使惊吓 (vt.),CET6,
testify,作证，证明；表明，说明 (vi.)；作证， 证明 (vt.),CET6,
testimony,证词； 见证， 证明 (n.),CET6,
texture,质地； 结构 (n.),CET6,
thanksgiving,感恩节 (n.),CET6,
theft,偷窃， 失窃 (n.),CET6,
thereafter,之后， 以后 (adv.),CET6,
thermal,热的， 由热造成的； 保暖的 (adj.),CET6,
thesis,论文， 毕业论文； 论题， 论点 (n.),CET6,
thigh,大腿 (n.),CET6,
thorn,刺， 荆棘； 带刺小灌木 (n.),CET6,
threshold,门槛， 门口； 入门， 开端， 起始点 (n.),CET6,
thrill,非常兴奋， 非常激动 (v.)；兴奋，激动；引起激动的事物 (n.),CET6,
throne,御座， 宝座； 王位， 王权 (n.),CET6,
tick,发出滴答声 (vi.)；记号，勾号；滴答声 (n.)；给…标记号 (vt.),CET6,
tickle,发痒 (vi.)；使发痒；使高兴，逗乐 (vt.)；痒 (n.),CET6,
tile,瓦，瓷砖 (n.)；铺瓦于， 贴瓷砖于 (vt.),CET6,
tilt,倾斜，倾侧 (v.)；倾斜， 倾侧 (n.),CET6,
timely,及时的， 适时的 (adj.),CET6,
timid,羞怯的， 胆小的 (adj.),CET6,
token,象征性的， 装样子的 (adj.)；筹码；信物，标志，纪念品；代金券，礼券 (n.),CET6,
tolerant,宽容的， 容忍的 (adj.),CET6,
toll,敲 (v.)；过路费，过桥费；伤亡人数，损失 (n.),CET6,
toss,掷钱币来决定；翻来覆去 (vi.)；扔，抛，掷；猛抬；拌；掷；使摇动，使颠簸 (vt.)；掷钱币来决定； 猛抬头 (n.),CET6,
tow,拖， 拉， 牵引 (n&vt.),CET6,
toxic,有毒的， 因中毒引起的 (adj.),CET6,
tract,传单， 小册子； 大片 (n.),CET6,
trademark,商标， 牌号； 特征， 标记 (n.),CET6,
tragic,悲惨的， 可悲的； 悲剧的 (adj.),CET6,
trait,特征， 特点， 特性 (n.),CET6,
transcend,超出， 超越范围 (vt.),CET6,
transient,短暂的， 转瞬即逝的； 临时的， 暂住的 (adj.),CET6,
transistor,晶体管， 晶体管收音机 (n.),CET6,
transit,运输， 载运 (n.),CET6,
transition,过渡， 转变 (n.),CET6,
transplant,移栽，移种；移植；使迁移，使移居 (vt.)；移植 (n.),CET6,
traverse,横渡， 横越 (vt.),CET6,
trench,沟， 沟渠 (n.),CET6,
tribe,部落； 族 (n.),CET6,
tribute,颂词， 称赞， 礼物； 贡品 (n.),CET6,
trifle,嘲笑； 轻视 (vi.)；琐事，小事，无价值的东西 (n.),CET6,
trigger,扳机；引起反应的行动 (n.)；触发， 引起 (vt.),CET6,
triple,三部分的，三方的；三倍的，三重的 (adj.)；增至三倍 (v.),CET6,
trivial,琐碎的， 不重要的 (adj.),CET6,
tub,桶， 塑料杯， 纸杯； 盆， 洗澡盆， 浴缸 (n.),CET6,
tuck,把边塞到下面；把…夹入，把…藏入 (vt.)；褶， 裥 (n.),CET6,
tug,用力拖 (v.)；拖船； 猛拉， 牵引 (n.),CET6,
tuition,教学， 讲授， 指导； 学费 (n.),CET6,
tumble,跌倒，摔下，滚下；翻滚；暴跌；不由自主地卷入 (vi.)；跌倒， 摔倒 (n.),CET6,
turbulent,动荡的， 混乱的； 汹涌的， 狂暴的 (adj.),CET6,
turnover,营业额， 成交量； 人员调整， 人员更替率 (n.),CET6,
ultraviolet,紫外的 (adj.),CET6,
unanimous,全体一致的， 一致同意的 (adj.),CET6,
underestimate,对…估计不足，低估 (vt.)；估计不足， 低估 (n.),CET6,
underlying,在下面的； 含蓄的； 潜在的 (adj.),CET6,
undermine,暗中破坏， 逐渐削弱； 侵蚀…的基础 (vt.),CET6,
unemployment,失业， 失业人数 (n.),CET6,
uneven,不平坦的， 不平滑的； 不一致的， 不相等的 (adj.),CET6,
unfold,展开， 打开； 显露， 展现 (v.),CET6,
unify,使联合， 统一； 使相同， 使一致 (vt.),CET6,
update,更新；使现代化 (vt.)；最新信息 (n.),CET6,
upgrade,提升，使升级 (vt.)；向上的斜坡 (n.),CET6,
uphold,支持， 维护 (vt.),CET6,
utopian,乌托邦的； 理想的 (adj.),CET6,
valve,阀， 活门； 瓣膜， 活瓣 (n.),CET6,
vegetation,植物， 草木 (n.),CET6,
veil,面纱，面罩；遮盖物，掩饰物 (n.)；掩盖， 掩饰 (vt.),CET6,
vein,静脉， 血管； 叶脉； 纹理， 纹路； 方式， 风格 (n.),CET6,
velocity,速度， 速率 (n.),CET6,
velvet,天鹅绒， 丝绒 (n.),CET6,
vent,通风口，排放口；开衩 (n.)；表达， 发泄 (vt.),CET6,
ventilate,使通风； 把…公开， 公开讨论 (vt.),CET6,
verbal,口头的； 用言辞的， 用文字的； 动词的 (adj.),CET6,
verdict,裁定； 定论， 判断性意见 (n.),CET6,
verge,接近， 濒临 (vi.)；边，边缘 (n.),CET6,
versatile,多才多艺的， 有多种技能的； 有多种用途的， 多功能的， 万用的 (adj.),CET6,
verse,诗， 诗句 (n.),CET6,
versus,以…为对手， 对； 与…相对， 与…相比之下 (prep.),CET6,
veto,否决 (n&vt.),CET6,
vicinity,周围地区， 邻近地区 (n.),CET6,
vicious,恶毒的， 凶残的； 剧烈的， 严重的 (adj.),CET6,
virgin,未经开发的， 未经使用的， 未经触动的； 处女的 (adj.)；处女，未婚女子 (n.),CET6,
visa,签证 (n.),CET6,
visceral,内脏的， 腑脏的； 出自内心的， 发自肺腑的 (adj.),CET6,
visualize,想象； 设想 (vt.),CET6,
vitality,活力； 生机， 元气 (n.),CET6,
vocal,喜欢畅所欲言的，直言不讳的；嗓音的，发声的 (adj.)；声乐节目 (n.),CET6,
vocational,职业的， 业务的 (adj.),CET6,
void,无效的；没有的，缺乏的 (adj.)；空虚感，寂寞感；真空，空白 (n.)；使无效 (vt.),CET6,
vulgar,粗野的， 下流的； 庸俗的， 粗俗的 (adj.),CET6,
vulnerable,易受伤的， 脆弱的； 易受攻击的， 难防御的 (adj.),CET6,
wallet,皮夹子 (n.),CET6,
ward,病房； 区； 受监护人 (n.),CET6,
wardrobe,衣柜； 全部衣物 (n.),CET6,
warehouse,仓库， 货栈 (n.),CET6,
warfare,战争； 斗争， 冲突 (n.),CET6,
warrant,授权令；理由，根据 (n.)；证明…是正当的 (vt.),CET6,
watertight,不透水的， 防水的； 严密的， 无懈可击的 (adj.),CET6,
watt,瓦 (n.),CET6,
weary,厌烦， 不耐烦 (vi.)；疲劳的，疲倦的；使人疲劳的，令人厌倦的 (adj.),CET6,
web,网； 网络； 错综复杂的事物 (n.),CET6,
wedge,楔 (n.)；楔入， 塞入 (vt.),CET6,
weird,古怪的， 离奇的； 怪诞的， 神秘而可怕的 (adj.),CET6,
whereby,凭此； 借以； 由于 (adv.),CET6,
whirl,旋转，急转；发晕，变混乱 (vi.)；旋转， 回旋； 混乱； 一连串的事 (n.),CET6,
willful,故意的， 特意的 (adj.),CET6,
withhold,拒绝， 不给； 抑制， 制止 (vt.),CET6,
wrench,猛拧，猛扭；挣脱；使扭伤 (vt.)；痛苦， 难受； 猛扭， 猛拉； 扳手 (n.),CET6,
wrestle,摔跤； 斗争， 搏斗 (n.),CET6,
wretched,极不愉快的， 难受的， 可怜的； 令人苦恼的， 讨厌的； 拙劣的 (adj.),CET6,
wrinkle,起皱纹 (v.)；皱纹 (n.),CET6,
yacht,快艇， 帆船， 游艇 (n.),CET6,
yell,号叫， 叫喊 (n&vi.),CET6,
yoke,牛轭；束缚，枷锁 (n.)；结合， 联结 (vt.),CET6,
zinc,锌 (n.),CET6,
